ID;Recency;Frequency;Monetary;R;F;M;RFM_Concat;RFM_Score;RFM_Segment;Cluster
2174;38.0;6.0;27.0;4;1;1;411;13.25;Novos clientes;0
4141;26.0;21.0;776.0;4;5;5;455;18.25;Campeões;3
6182;26.0;8.0;53.0;4;2;2;422;14.5;Potencialmente fiéis;4
5324;94.0;19.0;422.0;1;5;4;154;8.75;Quase em risco;3
7446;16.0;22.0;716.0;5;5;5;555;21.25;Campeões;3
965;34.0;21.0;590.0;4;5;5;455;18.25;Campeões;3
6177;32.0;10.0;169.0;4;3;3;433;15.75;Campeões;1
4855;19.0;6.0;46.0;5;1;2;512;16.75;Campeões;0
387;59.0;6.0;61.0;2;1;2;212;7.75;Quase em risco;4
8180;53.0;15.0;310.0;3;4;4;344;14.0;Novos clientes;1
2569;38.0;5.0;46.0;4;1;2;412;13.75;Novos clientes;0
9736;51.0;9.0;96.0;3;3;3;333;12.75;Novos clientes;4
2278;86.0;8.0;133.0;1;2;3;123;6.0;Hibernando;4
9360;41.0;12.0;316.0;3;3;4;334;13.25;Novos clientes;1
1993;63.0;17.0;972.0;2;4;5;245;11.5;Novos clientes;3
4047;0.0;20.0;544.0;5;5;4;554;20.75;Campeões;2
7892;89.0;8.0;75.0;1;2;2;122;5.5;Hibernando;4
2404;4.0;14.0;257.0;5;4;4;544;20.0;Campeões;1
9422;26.0;9.0;131.0;4;3;3;433;15.75;Campeões;4
6864;34.0;8.0;30.0;4;2;1;421;14.0;Novos clientes;4
3033;56.0;11.0;318.0;3;3;4;334;13.25;Novos clientes;1
5710;31.0;9.0;120.0;4;3;3;433;15.75;Campeões;4
7373;8.0;17.0;302.0;5;4;4;544;20.0;Campeões;1
8755;4.0;18.0;1196.0;5;4;5;545;20.5;Campeões;3
10738;55.0;6.0;65.0;3;1;2;312;10.75;Promissores;4
4339;37.0;28.0;913.0;4;5;5;455;18.25;Campeões;3
10755;76.0;9.0;81.0;2;3;3;233;9.75;Precisam de atenção;4
8595;99.0;7.0;67.0;1;2;2;122;5.5;Hibernando;4
503;88.0;7.0;53.0;1;2;2;122;5.5;Hibernando;4
8430;4.0;4.0;22.0;5;1;1;511;16.25;Campeões;0
2139;19.0;8.0;31.0;5;2;1;521;17.0;Campeões;4
9909;24.0;10.0;122.0;4;3;3;433;15.75;Campeões;4
7286;92.0;5.0;55.0;1;1;2;112;4.75;Hibernando;0
8614;29.0;17.0;507.0;4;4;4;444;17.0;Campeões;3
1331;54.0;7.0;72.0;3;2;2;322;11.5;Novos clientes;4
7437;31.0;6.0;29.0;4;1;1;411;13.25;Novos clientes;0
8375;63.0;19.0;518.0;2;5;4;254;11.75;Novos clientes;3
6853;12.0;21.0;1438.0;5;5;5;555;21.25;Campeões;3
3076;18.0;22.0;612.0;5;5;5;555;21.25;Campeões;3
6518;8.0;19.0;606.0;5;5;5;555;21.25;Campeões;3
8082;75.0;5.0;34.0;2;1;1;211;7.25;Em Risco;0
1386;0.0;4.0;11.0;5;1;1;511;16.25;Campeões;2
4477;4.0;18.0;653.0;5;4;5;545;20.5;Campeões;3
8132;88.0;24.0;661.0;1;5;5;155;9.25;Precisam de atenção;3
1050;58.0;8.0;65.0;3;2;2;322;11.5;Novos clientes;4
5846;68.0;4.0;13.0;2;1;1;211;7.25;Em Risco;0
10401;12.0;4.0;18.0;5;1;1;511;16.25;Campeões;0
3332;87.0;12.0;165.0;1;3;3;133;6.75;Não posso perdê-los;1
2261;5.0;4.0;16.0;5;1;1;511;16.25;Campeões;0
5346;87.0;9.0;79.0;1;3;3;133;6.75;Não posso perdê-los;4
4119;56.0;11.0;318.0;3;3;4;334;13.25;Novos clientes;1
5268;95.0;7.0;56.0;1;2;2;122;5.5;Hibernando;4
273;48.0;13.0;151.0;3;4;3;343;13.5;Novos clientes;1
4452;3.0;17.0;372.0;5;4;4;544;20.0;Campeões;1
771;79.0;10.0;194.0;2;3;3;233;9.75;Precisam de atenção;1
11178;69.0;5.0;32.0;2;1;1;211;7.25;Em Risco;0
2230;84.0;10.0;43.0;1;3;1;131;5.75;Hibernando;4
7516;30.0;6.0;45.0;4;1;2;412;13.75;Novos clientes;0
7247;72.0;22.0;606.0;2;5;5;255;12.25;Novos clientes;3
11100;37.0;7.0;63.0;4;2;2;422;14.5;Potencialmente fiéis;4
3037;32.0;16.0;410.0;4;4;4;444;17.0;Campeões;1
1473;0.0;7.0;72.0;5;2;2;522;17.5;Campeões;2
1016;43.0;7.0;55.0;3;2;2;322;11.5;Novos clientes;4
9370;68.0;16.0;1120.0;2;4;5;245;11.5;Novos clientes;3
8373;94.0;5.0;29.0;1;1;1;111;4.25;Perdidos;0
7533;15.0;13.0;187.0;5;4;3;543;19.5;Campeões;1
3629;17.0;9.0;145.0;5;3;3;533;18.75;Campeões;4
3267;27.0;20.0;608.0;4;5;5;455;18.25;Campeões;3
999;95.0;25.0;730.0;1;5;5;155;9.25;Precisam de atenção;3
9215;19.0;21.0;551.0;5;5;4;554;20.75;Campeões;3
2286;27.0;8.0;114.0;4;2;3;423;15.0;Fiéis;4
367;74.0;20.0;577.0;2;5;5;255;12.25;Novos clientes;3
5234;85.0;7.0;81.0;1;2;3;123;6.0;Hibernando;4
9862;37.0;7.0;33.0;4;2;1;421;14.0;Novos clientes;0
9805;65.0;22.0;660.0;2;5;5;255;12.25;Novos clientes;3
6205;13.0;9.0;80.0;5;3;3;533;18.75;Campeões;4
8442;63.0;6.0;30.0;2;1;1;211;7.25;Em Risco;0
7386;83.0;5.0;43.0;1;1;1;111;4.25;Perdidos;0
3381;51.0;8.0;90.0;3;2;3;323;12.0;Novos clientes;4
11051;72.0;23.0;661.0;2;5;5;255;12.25;Novos clientes;3
8026;10.0;19.0;463.0;5;5;4;554;20.75;Campeões;3
5290;51.0;16.0;279.0;3;4;4;344;14.0;Novos clientes;1
5342;31.0;6.0;29.0;4;1;1;411;13.25;Novos clientes;0
9579;61.0;9.0;106.0;2;3;3;233;9.75;Precisam de atenção;4
7660;37.0;6.0;49.0;4;1;2;412;13.75;Novos clientes;0
1461;74.0;7.0;38.0;2;2;1;221;8.0;Quase em risco;4
11084;4.0;17.0;1053.0;5;4;5;545;20.5;Campeões;3
2937;47.0;25.0;871.0;3;5;5;355;15.25;Fiéis;3
9701;13.0;12.0;312.0;5;3;4;534;19.25;Campeões;1
9949;36.0;15.0;877.0;4;4;5;445;17.5;Campeões;3
10837;47.0;6.0;68.0;3;1;2;312;10.75;Promissores;4
3120;49.0;4.0;22.0;3;1;1;311;10.25;Precisam de atenção;0
4050;65.0;8.0;127.0;2;2;3;223;9.0;Precisam de atenção;4
3830;59.0;16.0;459.0;2;4;4;244;11.0;Promissores;1
7987;96.0;19.0;460.0;1;5;4;154;8.75;Quase em risco;3
7798;28.0;17.0;429.0;4;4;4;444;17.0;Campeões;1
92;12.0;11.0;89.0;5;3;3;533;18.75;Campeões;4
7055;57.0;26.0;1021.0;3;5;5;355;15.25;Fiéis;3
3025;4.0;15.0;306.0;5;4;4;544;20.0;Campeões;1
9283;49.0;4.0;18.0;3;1;1;311;10.25;Precisam de atenção;0
9970;3.0;9.0;162.0;5;3;3;533;18.75;Campeões;4
2795;0.0;4.0;13.0;5;1;1;511;16.25;Campeões;2
8182;91.0;11.0;121.0;1;3;3;133;6.75;Não posso perdê-los;4
4370;83.0;9.0;88.0;1;3;3;133;6.75;Não posso perdê-los;4
10573;27.0;18.0;421.0;4;4;4;444;17.0;Campeões;3
3712;63.0;12.0;259.0;2;3;4;234;10.25;Precisam de atenção;1
3152;84.0;9.0;89.0;1;3;3;133;6.75;Não posso perdê-los;4
5610;58.0;6.0;36.0;3;1;1;311;10.25;Precisam de atenção;0
6460;78.0;7.0;57.0;2;2;2;222;8.5;Quase em risco;4
1349;4.0;8.0;148.0;5;2;3;523;18.0;Campeões;4
1880;17.0;8.0;93.0;5;2;3;523;18.0;Campeões;4
641;77.0;7.0;119.0;2;2;3;223;9.0;Precisam de atenção;4
10854;90.0;7.0;45.0;1;2;2;122;5.5;Hibernando;4
10492;96.0;4.0;10.0;1;1;1;111;4.25;Perdidos;0
7698;81.0;10.0;191.0;1;3;3;133;6.75;Não posso perdê-los;1
3559;77.0;9.0;57.0;2;3;2;232;9.25;Precisam de atenção;4
10796;16.0;6.0;66.0;5;1;2;512;16.75;Campeões;4
2563;80.0;6.0;43.0;1;1;1;111;4.25;Perdidos;0
3518;45.0;5.0;50.0;3;1;2;312;10.75;Promissores;0
5823;63.0;7.0;39.0;2;2;1;221;8.0;Quase em risco;4
3934;34.0;18.0;608.0;4;4;5;445;17.5;Campeões;3
6431;13.0;7.0;68.0;5;2;2;522;17.5;Campeões;4
9733;52.0;5.0;80.0;3;1;3;313;11.25;Novos clientes;0
1324;93.0;8.0;91.0;1;2;3;123;6.0;Hibernando;4
326;38.0;16.0;315.0;4;4;4;444;17.0;Campeões;1
7224;24.0;6.0;31.0;4;1;1;411;13.25;Novos clientes;0
6999;80.0;23.0;834.0;1;5;5;155;9.25;Precisam de atenção;3
3182;81.0;15.0;263.0;1;4;4;144;8.0;Quase em risco;1
7300;50.0;19.0;535.0;3;5;4;354;14.75;Fiéis;3
1030;72.0;6.0;38.0;2;1;1;211;7.25;Em Risco;0
624;5.0;4.0;35.0;5;1;1;511;16.25;Campeões;0
5176;88.0;5.0;53.0;1;1;2;112;4.75;Hibernando;0
5552;50.0;17.0;293.0;3;4;4;344;14.0;Novos clientes;1
868;99.0;6.0;65.0;1;1;2;112;4.75;Hibernando;4
2677;11.0;15.0;241.0;5;4;4;544;20.0;Campeões;1
6521;18.0;20.0;1101.0;5;5;5;555;21.25;Campeões;3
1584;79.0;20.0;482.0;2;5;4;254;11.75;Novos clientes;3
7264;2.0;4.0;17.0;5;1;1;511;16.25;Campeões;0
1377;24.0;12.0;285.0;4;3;4;434;16.25;Campeões;1
1755;93.0;7.0;114.0;1;2;3;123;6.0;Hibernando;4
2075;56.0;16.0;1047.0;3;4;5;345;14.5;Potencialmente fiéis;3
4785;3.0;22.0;714.0;5;5;5;555;21.25;Campeões;3
9076;44.0;13.0;185.0;3;4;3;343;13.5;Novos clientes;1
7079;38.0;32.0;1245.0;4;5;5;455;18.25;Campeões;3
4653;46.0;12.0;189.0;3;3;3;333;12.75;Novos clientes;1
709;27.0;18.0;1103.0;4;4;5;445;17.5;Campeões;3
3726;66.0;4.0;17.0;2;1;1;211;7.25;Em Risco;0
1606;65.0;4.0;22.0;2;1;1;211;7.25;Em Risco;0
9617;37.0;5.0;19.0;4;1;1;411;13.25;Novos clientes;0
3233;89.0;29.0;1117.0;1;5;5;155;9.25;Precisam de atenção;3
89;49.0;8.0;69.0;3;2;2;322;11.5;Novos clientes;4
2936;46.0;5.0;23.0;3;1;1;311;10.25;Precisam de atenção;0
9449;32.0;19.0;605.0;4;5;5;455;18.25;Campeões;3
7297;54.0;11.0;57.0;3;3;2;332;12.25;Novos clientes;4
10735;75.0;5.0;26.0;2;1;1;211;7.25;Em Risco;0
7411;31.0;6.0;17.0;4;1;1;411;13.25;Novos clientes;0
9265;74.0;21.0;1390.0;2;5;5;255;12.25;Novos clientes;3
10236;59.0;7.0;64.0;2;2;2;222;8.5;Quase em risco;4
6340;52.0;6.0;26.0;3;1;1;311;10.25;Precisam de atenção;0
2227;92.0;11.0;210.0;1;3;3;133;6.75;Não posso perdê-los;1
10992;77.0;26.0;1148.0;2;5;5;255;12.25;Novos clientes;3
5304;35.0;6.0;33.0;4;1;1;411;13.25;Novos clientes;0
309;48.0;19.0;1101.0;3;5;5;355;15.25;Fiéis;3
3406;97.0;16.0;322.0;1;4;4;144;8.0;Quase em risco;1
2661;95.0;10.0;44.0;1;3;2;132;6.25;Hibernando;4
3153;24.0;4.0;17.0;4;1;1;411;13.25;Novos clientes;0
10264;60.0;6.0;31.0;2;1;1;211;7.25;Em Risco;0
4200;85.0;15.0;275.0;1;4;4;144;8.0;Quase em risco;1
9396;31.0;4.0;25.0;4;1;1;411;13.25;Novos clientes;0
2387;9.0;17.0;275.0;5;4;4;544;20.0;Campeões;1
6690;30.0;11.0;90.0;4;3;3;433;15.75;Campeões;4
9703;70.0;11.0;184.0;2;3;3;233;9.75;Precisam de atenção;1
4557;11.0;8.0;67.0;5;2;2;522;17.5;Campeões;4
2379;31.0;14.0;1635.0;4;4;5;445;17.5;Campeões;3
5726;15.0;10.0;60.0;5;3;2;532;18.25;Campeões;4
3066;2.0;12.0;231.0;5;3;4;534;19.25;Campeões;1
6336;55.0;10.0;48.0;3;3;2;332;12.25;Novos clientes;4
10967;38.0;9.0;99.0;4;3;3;433;15.75;Campeões;4
2304;86.0;23.0;770.0;1;5;5;155;9.25;Precisam de atenção;3
4391;64.0;22.0;908.0;2;5;5;255;12.25;Novos clientes;3
4669;46.0;10.0;102.0;3;3;3;333;12.75;Novos clientes;4
1672;74.0;15.0;461.0;2;4;4;244;11.0;Promissores;1
8962;18.0;7.0;37.0;5;2;1;521;17.0;Campeões;4
9974;75.0;7.0;70.0;2;2;2;222;8.5;Quase em risco;4
4697;62.0;16.0;390.0;2;4;4;244;11.0;Promissores;1
9262;11.0;5.0;52.0;5;1;2;512;16.75;Campeões;0
7254;74.0;10.0;137.0;2;3;3;233;9.75;Precisam de atenção;4
4927;76.0;9.0;68.0;2;3;2;232;9.25;Precisam de atenção;4
10451;6.0;4.0;25.0;5;1;1;511;16.25;Campeões;0
2874;20.0;5.0;32.0;4;1;1;411;13.25;Novos clientes;0
9738;43.0;7.0;100.0;3;2;3;323;12.0;Novos clientes;4
7119;45.0;12.0;825.0;3;3;5;335;13.75;Novos clientes;1
3924;34.0;28.0;916.0;4;5;5;455;18.25;Campeões;3
5827;53.0;11.0;62.0;3;3;2;332;12.25;Novos clientes;4
5596;44.0;21.0;728.0;3;5;5;355;15.25;Fiéis;3
10812;89.0;7.0;90.0;1;2;3;123;6.0;Hibernando;4
1717;43.0;13.0;273.0;3;4;4;344;14.0;Novos clientes;1
9491;68.0;10.0;66.0;2;3;2;232;9.25;Precisam de atenção;4
6609;64.0;7.0;107.0;2;2;3;223;9.0;Precisam de atenção;4
6963;85.0;18.0;1157.0;1;4;5;145;8.5;Quase em risco;3
4440;93.0;18.0;546.0;1;4;4;144;8.0;Quase em risco;3
1379;12.0;11.0;241.0;5;3;4;534;19.25;Campeões;1
10032;86.0;11.0;53.0;1;3;2;132;6.25;Hibernando;4
2826;28.0;7.0;37.0;4;2;1;421;14.0;Novos clientes;4
6320;42.0;23.0;1508.0;3;5;5;355;15.25;Fiéis;3
3050;13.0;16.0;235.0;5;4;4;544;20.0;Campeões;1
231;86.0;7.0;32.0;1;2;1;121;5.0;Hibernando;0
2392;59.0;8.0;102.0;2;2;3;223;9.0;Precisam de atenção;4
9478;30.0;15.0;401.0;4;4;4;444;17.0;Campeões;1
113;33.0;6.0;28.0;4;1;1;411;13.25;Novos clientes;0
1802;23.0;21.0;680.0;4;5;5;455;18.25;Campeões;3
520;81.0;4.0;30.0;1;1;1;111;4.25;Perdidos;0
8275;6.0;4.0;20.0;5;1;1;511;16.25;Campeões;0
2607;78.0;24.0;630.0;2;5;5;255;12.25;Novos clientes;3
7214;49.0;18.0;1283.0;3;4;5;345;14.5;Potencialmente fiéis;3
5835;39.0;9.0;65.0;4;3;2;432;15.25;Fiéis;4
3896;3.0;5.0;37.0;5;1;1;511;16.25;Campeões;0
10350;37.0;5.0;38.0;4;1;1;411;13.25;Novos clientes;0
7786;22.0;12.0;160.0;4;3;3;433;15.75;Campeões;1
2861;79.0;4.0;23.0;2;1;1;211;7.25;Em Risco;0
663;46.0;6.0;71.0;3;1;2;312;10.75;Promissores;4
10675;82.0;19.0;1161.0;1;5;5;155;9.25;Precisam de atenção;3
2521;10.0;5.0;59.0;5;1;2;512;16.75;Campeões;0
9592;51.0;7.0;33.0;3;2;1;321;11.0;Promissores;0
4099;14.0;5.0;62.0;5;1;2;512;16.75;Campeões;0
9560;18.0;22.0;1674.0;5;5;5;555;21.25;Campeões;3
11191;11.0;8.0;139.0;5;2;3;523;18.0;Campeões;4
6245;71.0;18.0;507.0;2;4;4;244;11.0;Promissores;3
8234;13.0;4.0;18.0;5;1;1;511;16.25;Campeões;0
8553;65.0;6.0;42.0;2;1;1;211;7.25;Em Risco;0
8842;33.0;8.0;44.0;4;2;2;422;14.5;Potencialmente fiéis;4
11030;90.0;4.0;16.0;1;1;1;111;4.25;Perdidos;0
2579;95.0;26.0;835.0;1;5;5;155;9.25;Precisam de atenção;3
175;93.0;22.0;1443.0;1;5;5;155;9.25;Precisam de atenção;3
9185;38.0;18.0;1029.0;4;4;5;445;17.5;Campeões;3
11056;18.0;18.0;1188.0;5;4;5;545;20.5;Campeões;3
6201;45.0;7.0;49.0;3;2;2;322;11.5;Novos clientes;4
2061;61.0;7.0;99.0;2;2;3;223;9.0;Precisam de atenção;4
6142;65.0;14.0;900.0;2;4;5;245;11.5;Novos clientes;3
4107;52.0;16.0;425.0;3;4;4;344;14.0;Novos clientes;1
9336;38.0;21.0;636.0;4;5;5;455;18.25;Campeões;3
2958;53.0;10.0;57.0;3;3;2;332;12.25;Novos clientes;4
933;31.0;4.0;25.0;4;1;1;411;13.25;Novos clientes;0
10704;65.0;19.0;693.0;2;5;5;255;12.25;Novos clientes;3
4432;82.0;7.0;51.0;1;2;2;122;5.5;Hibernando;4
2928;63.0;16.0;990.0;2;4;5;245;11.5;Novos clientes;3
5680;66.0;5.0;30.0;2;1;1;211;7.25;Em Risco;0
10313;69.0;16.0;254.0;2;4;4;244;11.0;Promissores;1
2557;52.0;5.0;29.0;3;1;1;311;10.25;Precisam de atenção;0
1245;45.0;23.0;1371.0;3;5;5;355;15.25;Fiéis;3
1519;2.0;9.0;73.0;5;3;2;532;18.25;Campeões;4
10703;86.0;11.0;120.0;1;3;3;133;6.75;Não posso perdê-los;4
1726;23.0;5.0;81.0;4;1;3;413;14.25;Potencialmente fiéis;0
4459;13.0;5.0;37.0;5;1;1;511;16.25;Campeões;0
1517;92.0;5.0;51.0;1;1;2;112;4.75;Hibernando;0
2098;38.0;4.0;17.0;4;1;1;411;13.25;Novos clientes;0
9543;74.0;4.0;22.0;2;1;1;211;7.25;Em Risco;0
6878;14.0;14.0;324.0;5;4;4;544;20.0;Campeões;1
2724;33.0;4.0;19.0;4;1;1;411;13.25;Novos clientes;0
948;32.0;8.0;41.0;4;2;1;421;14.0;Novos clientes;4
6720;11.0;17.0;492.0;5;4;4;544;20.0;Campeões;3
2066;56.0;7.0;114.0;3;2;3;323;12.0;Novos clientes;4
9799;57.0;19.0;1173.0;3;5;5;355;15.25;Fiéis;3
5642;0.0;12.0;222.0;5;3;3;533;18.75;Campeões;2
455;86.0;10.0;209.0;1;3;3;133;6.75;Não posso perdê-los;1
7683;80.0;23.0;787.0;1;5;5;155;9.25;Precisam de atenção;3
7414;18.0;12.0;186.0;5;3;3;533;18.75;Campeões;1
6354;51.0;6.0;47.0;3;1;2;312;10.75;Promissores;0
798;71.0;5.0;27.0;2;1;1;211;7.25;Em Risco;0
8213;71.0;11.0;96.0;2;3;3;233;9.75;Precisam de atenção;4
2488;80.0;10.0;64.0;1;3;2;132;6.25;Hibernando;4
9999;2.0;23.0;1040.0;5;5;5;555;21.25;Campeões;3
7617;83.0;13.0;163.0;1;4;3;143;7.5;Quase em risco;1
615;29.0;11.0;343.0;4;3;4;434;16.25;Campeões;1
194;55.0;5.0;41.0;3;1;1;311;10.25;Precisam de atenção;0
3645;19.0;9.0;70.0;5;3;2;532;18.25;Campeões;4
8890;1.0;14.0;272.0;5;4;4;544;20.0;Campeões;1
5049;19.0;6.0;46.0;5;1;2;512;16.75;Campeões;0
9973;28.0;19.0;490.0;4;5;4;454;17.75;Campeões;3
7301;76.0;8.0;79.0;2;2;3;223;9.0;Precisam de atenção;4
7422;90.0;16.0;369.0;1;4;4;144;8.0;Quase em risco;1
3523;83.0;19.0;1073.0;1;5;5;155;9.25;Precisam de atenção;3
6504;24.0;9.0;78.0;4;3;2;432;15.25;Fiéis;4
5067;11.0;21.0;1378.0;5;5;5;555;21.25;Campeões;3
5929;14.0;7.0;48.0;5;2;2;522;17.5;Campeões;4
3129;30.0;6.0;45.0;4;1;2;412;13.75;Novos clientes;0
6528;75.0;4.0;10.0;2;1;1;211;7.25;Em Risco;0
7284;8.0;4.0;20.0;5;1;1;511;16.25;Campeões;0
8746;28.0;19.0;1188.0;4;5;5;455;18.25;Campeões;3
5987;52.0;7.0;43.0;3;2;1;321;11.0;Promissores;4
498;28.0;7.0;57.0;4;2;2;422;14.5;Potencialmente fiéis;4
9347;49.0;5.0;46.0;3;1;2;312;10.75;Promissores;0
9699;12.0;23.0;733.0;5;5;5;555;21.25;Campeões;3
10664;14.0;17.0;467.0;5;4;4;544;20.0;Campeões;3
5455;89.0;10.0;122.0;1;3;3;133;6.75;Não posso perdê-los;4
456;96.0;7.0;36.0;1;2;1;121;5.0;Hibernando;4
5012;56.0;5.0;34.0;3;1;1;311;10.25;Precisam de atenção;0
7495;72.0;10.0;156.0;2;3;3;233;9.75;Precisam de atenção;4
5029;14.0;4.0;14.0;5;1;1;511;16.25;Campeões;0
10642;13.0;5.0;37.0;5;1;1;511;16.25;Campeões;0
2106;99.0;5.0;34.0;1;1;1;111;4.25;Perdidos;0
10364;72.0;4.0;20.0;2;1;1;211;7.25;Em Risco;0
5954;92.0;11.0;192.0;1;3;3;133;6.75;Não posso perdê-los;1
2541;7.0;7.0;48.0;5;2;2;522;17.5;Campeões;4
1142;91.0;16.0;428.0;1;4;4;144;8.0;Quase em risco;1
2276;71.0;27.0;868.0;2;5;5;255;12.25;Novos clientes;3
6471;17.0;7.0;59.0;5;2;2;522;17.5;Campeões;4
6131;87.0;16.0;431.0;1;4;4;144;8.0;Quase em risco;1
6233;21.0;27.0;971.0;4;5;5;455;18.25;Campeões;3
3225;71.0;14.0;265.0;2;4;4;244;11.0;Promissores;1
7540;52.0;13.0;270.0;3;4;4;344;14.0;Novos clientes;1
1992;2.0;16.0;893.0;5;4;5;545;20.5;Campeões;3
8594;25.0;9.0;135.0;4;3;3;433;15.75;Campeões;4
2815;46.0;9.0;120.0;3;3;3;333;12.75;Novos clientes;4
2416;83.0;20.0;1288.0;1;5;5;155;9.25;Precisam de atenção;3
9213;13.0;4.0;15.0;5;1;1;511;16.25;Campeões;0
9697;86.0;20.0;542.0;1;5;4;154;8.75;Quase em risco;3
3916;92.0;25.0;890.0;1;5;5;155;9.25;Precisam de atenção;3
1581;18.0;4.0;17.0;5;1;1;511;16.25;Campeões;0
6619;91.0;6.0;44.0;1;1;2;112;4.75;Hibernando;0
9081;58.0;5.0;25.0;3;1;1;311;10.25;Precisam de atenção;0
178;40.0;26.0;973.0;3;5;5;355;15.25;Fiéis;3
916;67.0;6.0;31.0;2;1;1;211;7.25;Em Risco;0
5512;19.0;17.0;518.0;5;4;4;544;20.0;Campeões;3
8970;93.0;19.0;530.0;1;5;4;154;8.75;Quase em risco;3
5300;60.0;6.0;70.0;2;1;2;212;7.75;Quase em risco;4
5154;54.0;6.0;54.0;3;1;2;312;10.75;Promissores;4
8346;26.0;12.0;296.0;4;3;4;434;16.25;Campeões;1
1676;30.0;15.0;266.0;4;4;4;444;17.0;Campeões;1
5172;4.0;17.0;1053.0;5;4;5;545;20.5;Campeões;3
5562;92.0;21.0;735.0;1;5;5;155;9.25;Precisam de atenção;3
3436;24.0;5.0;20.0;4;1;1;411;13.25;Novos clientes;0
3921;96.0;10.0;205.0;1;3;3;133;6.75;Não posso perdê-los;1
22;99.0;14.0;309.0;1;4;4;144;8.0;Quase em risco;1
9426;77.0;15.0;900.0;2;4;5;245;11.5;Novos clientes;3
6605;85.0;20.0;682.0;1;5;5;155;9.25;Precisam de atenção;3
3136;88.0;22.0;663.0;1;5;5;155;9.25;Precisam de atenção;3
8737;22.0;6.0;43.0;4;1;1;411;13.25;Novos clientes;0
716;63.0;27.0;976.0;2;5;5;255;12.25;Novos clientes;3
9135;92.0;6.0;64.0;1;1;2;112;4.75;Hibernando;4
10623;2.0;5.0;32.0;5;1;1;511;16.25;Campeões;0
8151;6.0;9.0;263.0;5;3;4;534;19.25;Campeões;1
10160;49.0;5.0;46.0;3;1;2;312;10.75;Promissores;0
6071;77.0;22.0;1157.0;2;5;5;255;12.25;Novos clientes;3
3386;71.0;8.0;137.0;2;2;3;223;9.0;Precisam de atenção;4
9925;97.0;12.0;216.0;1;3;3;133;6.75;Não posso perdê-los;1
4320;6.0;23.0;943.0;5;5;5;555;21.25;Campeões;3
5389;93.0;16.0;347.0;1;4;4;144;8.0;Quase em risco;1
182;62.0;17.0;397.0;2;4;4;244;11.0;Promissores;1
11025;9.0;11.0;138.0;5;3;3;533;18.75;Campeões;1
10203;77.0;5.0;42.0;2;1;1;211;7.25;Em Risco;0
4607;24.0;17.0;777.0;4;4;5;445;17.5;Campeões;3
3696;67.0;7.0;52.0;2;2;2;222;8.5;Quase em risco;4
9214;48.0;13.0;358.0;3;4;4;344;14.0;Novos clientes;1
35;35.0;10.0;210.0;4;3;3;433;15.75;Campeões;1
2258;76.0;5.0;42.0;2;1;1;211;7.25;Em Risco;0
4322;20.0;20.0;1291.0;4;5;5;455;18.25;Campeões;3
713;72.0;15.0;442.0;2;4;4;244;11.0;Promissores;1
3281;69.0;19.0;411.0;2;5;4;254;11.75;Novos clientes;3
702;80.0;19.0;521.0;1;5;4;154;8.75;Quase em risco;3
2004;65.0;17.0;1168.0;2;4;5;245;11.5;Novos clientes;3
4437;65.0;12.0;260.0;2;3;4;234;10.25;Precisam de atenção;1
8724;57.0;7.0;46.0;3;2;2;322;11.5;Novos clientes;4
10741;70.0;16.0;319.0;2;4;4;244;11.0;Promissores;1
1991;0.0;7.0;96.0;5;2;3;523;18.0;Campeões;2
11096;50.0;12.0;232.0;3;3;4;334;13.25;Novos clientes;1
304;67.0;9.0;76.0;2;3;2;232;9.25;Precisam de atenção;4
3665;46.0;9.0;54.0;3;3;2;332;12.25;Novos clientes;4
10591;37.0;11.0;201.0;4;3;3;433;15.75;Campeões;1
5036;38.0;14.0;406.0;4;4;4;444;17.0;Campeões;1
7822;56.0;20.0;662.0;3;5;5;355;15.25;Fiéis;3
8541;98.0;8.0;41.0;1;2;1;121;5.0;Hibernando;4
4368;72.0;8.0;134.0;2;2;3;223;9.0;Precisam de atenção;4
9671;47.0;10.0;69.0;3;3;2;332;12.25;Novos clientes;4
2256;33.0;6.0;21.0;4;1;1;411;13.25;Novos clientes;0
4279;87.0;7.0;54.0;1;2;2;122;5.5;Hibernando;4
5371;0.0;8.0;91.0;5;2;3;523;18.0;Campeões;2
9240;73.0;18.0;526.0;2;4;4;244;11.0;Promissores;3
9460;74.0;8.0;162.0;2;2;3;223;9.0;Precisam de atenção;4
8692;50.0;16.0;240.0;3;4;4;344;14.0;Novos clientes;1
448;57.0;21.0;795.0;3;5;5;355;15.25;Fiéis;3
8420;27.0;8.0;64.0;4;2;2;422;14.5;Potencialmente fiéis;4
7685;4.0;7.0;78.0;5;2;2;522;17.5;Campeões;4
10232;9.0;15.0;331.0;5;4;4;544;20.0;Campeões;1
4184;48.0;12.0;265.0;3;3;4;334;13.25;Novos clientes;1
9120;80.0;19.0;1065.0;1;5;5;155;9.25;Precisam de atenção;3
891;60.0;4.0;11.0;2;1;1;211;7.25;Em Risco;0
10381;43.0;4.0;21.0;3;1;1;311;10.25;Precisam de atenção;0
3525;19.0;4.0;17.0;5;1;1;511;16.25;Campeões;0
6818;26.0;16.0;369.0;4;4;4;444;17.0;Campeões;1
3526;58.0;6.0;38.0;3;1;1;311;10.25;Precisam de atenção;0
8181;42.0;11.0;177.0;3;3;3;333;12.75;Novos clientes;1
1029;27.0;12.0;279.0;4;3;4;434;16.25;Campeões;1
7369;56.0;7.0;62.0;3;2;2;322;11.5;Novos clientes;4
8159;10.0;11.0;182.0;5;3;3;533;18.75;Campeões;1
1160;48.0;10.0;49.0;3;3;2;332;12.25;Novos clientes;4
10242;39.0;8.0;75.0;4;2;2;422;14.5;Potencialmente fiéis;4
5253;85.0;16.0;227.0;1;4;3;143;7.5;Quase em risco;1
5966;64.0;15.0;215.0;2;4;3;243;10.5;Precisam de atenção;1
5081;54.0;5.0;47.0;3;1;2;312;10.75;Promissores;0
5123;57.0;7.0;143.0;3;2;3;323;12.0;Novos clientes;4
5756;64.0;7.0;55.0;2;2;2;222;8.5;Quase em risco;4
8036;10.0;11.0;63.0;5;3;2;532;18.25;Campeões;4
5057;74.0;20.0;611.0;2;5;5;255;12.25;Novos clientes;3
254;4.0;18.0;473.0;5;4;4;544;20.0;Campeões;3
4179;94.0;6.0;55.0;1;1;2;112;4.75;Hibernando;4
3710;41.0;7.0;81.0;3;2;3;323;12.0;Novos clientes;4
6424;9.0;5.0;49.0;5;1;2;512;16.75;Campeões;0
3075;47.0;15.0;382.0;3;4;4;344;14.0;Novos clientes;1
4992;12.0;9.0;69.0;5;3;2;532;18.25;Campeões;4
5252;80.0;6.0;67.0;1;1;2;112;4.75;Hibernando;4
7444;20.0;6.0;30.0;4;1;1;411;13.25;Novos clientes;0
6919;39.0;9.0;63.0;4;3;2;432;15.25;Fiéis;4
3537;57.0;10.0;79.0;3;3;3;333;12.75;Novos clientes;4
10277;27.0;5.0;42.0;4;1;1;411;13.25;Novos clientes;0
2453;83.0;23.0;819.0;1;5;5;155;9.25;Precisam de atenção;3
7972;79.0;17.0;1151.0;2;4;5;245;11.5;Novos clientes;3
895;69.0;20.0;594.0;2;5;5;255;12.25;Novos clientes;3
1177;77.0;11.0;129.0;2;3;3;233;9.75;Precisam de atenção;1
7141;15.0;12.0;213.0;5;3;3;533;18.75;Campeões;1
7232;99.0;7.0;67.0;1;2;2;122;5.5;Hibernando;4
8477;61.0;5.0;28.0;2;1;1;211;7.25;Em Risco;0
2457;23.0;6.0;45.0;4;1;2;412;13.75;Novos clientes;0
988;84.0;18.0;1193.0;1;4;5;145;8.5;Quase em risco;3
7930;74.0;12.0;268.0;2;3;4;234;10.25;Precisam de atenção;1
4587;90.0;12.0;266.0;1;3;4;134;7.25;Em Risco;1
6682;41.0;5.0;37.0;3;1;1;311;10.25;Precisam de atenção;0
6222;28.0;7.0;37.0;4;2;1;421;14.0;Novos clientes;4
3083;88.0;18.0;373.0;1;4;4;144;8.0;Quase em risco;1
8953;94.0;6.0;35.0;1;1;1;111;4.25;Perdidos;0
8650;31.0;5.0;42.0;4;1;1;411;13.25;Novos clientes;0
10862;6.0;17.0;326.0;5;4;4;544;20.0;Campeões;1
2782;23.0;17.0;404.0;4;4;4;444;17.0;Campeões;1
6941;92.0;6.0;95.0;1;1;3;113;5.25;Hibernando;4
10972;52.0;14.0;939.0;3;4;5;345;14.5;Potencialmente fiéis;3
10708;50.0;5.0;33.0;3;1;1;311;10.25;Precisam de atenção;0
6583;54.0;21.0;981.0;3;5;5;355;15.25;Fiéis;3
3641;93.0;7.0;36.0;1;2;1;121;5.0;Hibernando;4
3469;94.0;9.0;103.0;1;3;3;133;6.75;Não posso perdê-los;4
5063;76.0;12.0;191.0;2;3;3;233;9.75;Precisam de atenção;1
9624;46.0;14.0;963.0;3;4;5;345;14.5;Potencialmente fiéis;3
4376;27.0;7.0;93.0;4;2;3;423;15.0;Fiéis;4
8461;3.0;4.0;16.0;5;1;1;511;16.25;Campeões;0
944;6.0;14.0;393.0;5;4;4;544;20.0;Campeões;1
1907;53.0;26.0;1477.0;3;5;5;355;15.25;Fiéis;3
701;58.0;18.0;1179.0;3;4;5;345;14.5;Potencialmente fiéis;3
2942;20.0;15.0;486.0;4;4;4;444;17.0;Campeões;1
3376;9.0;11.0;235.0;5;3;4;534;19.25;Campeões;1
4679;42.0;28.0;1092.0;3;5;5;355;15.25;Fiéis;3
10928;28.0;17.0;599.0;4;4;5;445;17.5;Campeões;3
6728;38.0;6.0;48.0;4;1;2;412;13.75;Novos clientes;0
6661;63.0;32.0;1174.0;2;5;5;255;12.25;Novos clientes;3
4725;71.0;7.0;67.0;2;2;2;222;8.5;Quase em risco;4
3277;9.0;15.0;365.0;5;4;4;544;20.0;Campeões;1
2564;87.0;10.0;165.0;1;3;3;133;6.75;Não posso perdê-los;1
946;92.0;11.0;210.0;1;3;3;133;6.75;Não posso perdê-los;1
6940;86.0;12.0;223.0;1;3;3;133;6.75;Não posso perdê-los;1
55;83.0;22.0;597.0;1;5;5;155;9.25;Precisam de atenção;3
7093;74.0;4.0;22.0;2;1;1;211;7.25;Em Risco;0
1777;29.0;6.0;74.0;4;1;2;412;13.75;Novos clientes;4
8162;88.0;5.0;26.0;1;1;1;111;4.25;Perdidos;0
10826;77.0;5.0;60.0;2;1;2;212;7.75;Quase em risco;0
8754;25.0;4.0;20.0;4;1;1;411;13.25;Novos clientes;0
1987;34.0;7.0;59.0;4;2;2;422;14.5;Potencialmente fiéis;4
11007;43.0;5.0;34.0;3;1;1;311;10.25;Precisam de atenção;0
7426;76.0;12.0;198.0;2;3;3;233;9.75;Precisam de atenção;1
9153;81.0;28.0;1048.0;1;5;5;155;9.25;Precisam de atenção;3
10379;87.0;21.0;574.0;1;5;5;155;9.25;Precisam de atenção;3
3197;38.0;20.0;670.0;4;5;5;455;18.25;Campeões;3
2920;63.0;16.0;990.0;2;4;5;245;11.5;Novos clientes;3
6961;26.0;4.0;11.0;4;1;1;411;13.25;Novos clientes;0
9937;75.0;17.0;576.0;2;4;5;245;11.5;Novos clientes;3
8779;13.0;12.0;172.0;5;3;3;533;18.75;Campeões;1
10120;84.0;12.0;257.0;1;3;4;134;7.25;Em Risco;1
6327;87.0;17.0;1146.0;1;4;5;145;8.5;Quase em risco;3
10142;99.0;20.0;689.0;1;5;5;155;9.25;Precisam de atenção;3
10767;40.0;21.0;1346.0;3;5;5;355;15.25;Fiéis;3
7279;3.0;15.0;1044.0;5;4;5;545;20.5;Campeões;3
7230;98.0;22.0;493.0;1;5;4;154;8.75;Quase em risco;3
143;73.0;13.0;957.0;2;4;5;245;11.5;Novos clientes;3
450;90.0;12.0;270.0;1;3;4;134;7.25;Em Risco;1
9316;29.0;5.0;29.0;4;1;1;411;13.25;Novos clientes;0
6379;3.0;9.0;121.0;5;3;3;533;18.75;Campeões;4
9239;94.0;8.0;126.0;1;2;3;123;6.0;Hibernando;4
8315;65.0;4.0;23.0;2;1;1;211;7.25;Em Risco;0
2868;33.0;8.0;57.0;4;2;2;422;14.5;Potencialmente fiéis;4
10888;46.0;20.0;636.0;3;5;5;355;15.25;Fiéis;3
9977;99.0;20.0;734.0;1;5;5;155;9.25;Precisam de atenção;3
968;24.0;12.0;187.0;4;3;3;433;15.75;Campeões;1
6988;93.0;22.0;1443.0;1;5;5;155;9.25;Precisam de atenção;3
4472;34.0;6.0;57.0;4;1;2;412;13.75;Novos clientes;4
6991;88.0;20.0;637.0;1;5;5;155;9.25;Precisam de atenção;3
4301;10.0;5.0;59.0;5;1;2;512;16.75;Campeões;0
1940;26.0;4.0;18.0;4;1;1;411;13.25;Novos clientes;0
1272;49.0;26.0;903.0;3;5;5;355;15.25;Fiéis;3
1388;11.0;8.0;112.0;5;2;3;523;18.0;Campeões;4
1044;44.0;20.0;596.0;3;5;5;355;15.25;Fiéis;3
6969;75.0;13.0;233.0;2;4;4;244;11.0;Promissores;1
1715;45.0;7.0;48.0;3;2;2;322;11.5;Novos clientes;4
1463;9.0;4.0;21.0;5;1;1;511;16.25;Campeões;0
5114;1.0;16.0;965.0;5;4;5;545;20.5;Campeões;3
4329;43.0;6.0;16.0;3;1;1;311;10.25;Precisam de atenção;0
4692;19.0;12.0;71.0;5;3;2;532;18.25;Campeões;4
7212;99.0;6.0;65.0;1;1;2;112;4.75;Hibernando;4
5329;24.0;4.0;11.0;4;1;1;411;13.25;Novos clientes;0
5956;74.0;16.0;284.0;2;4;4;244;11.0;Promissores;1
6255;29.0;13.0;334.0;4;4;4;444;17.0;Campeões;1
6516;37.0;4.0;18.0;4;1;1;411;13.25;Novos clientes;0
7458;26.0;8.0;97.0;4;2;3;423;15.0;Fiéis;4
5237;79.0;9.0;63.0;2;3;2;232;9.25;Precisam de atenção;4
7761;71.0;9.0;109.0;2;3;3;233;9.75;Precisam de atenção;4
7235;37.0;9.0;38.0;4;3;1;431;14.75;Fiéis;4
10548;30.0;24.0;960.0;4;5;5;455;18.25;Campeões;3
2281;34.0;4.0;28.0;4;1;1;411;13.25;Novos clientes;0
7938;92.0;17.0;449.0;1;4;4;144;8.0;Quase em risco;3
7723;56.0;21.0;1440.0;3;5;5;355;15.25;Fiéis;3
4012;55.0;23.0;1226.0;3;5;5;355;15.25;Fiéis;3
10470;0.0;8.0;92.0;5;2;3;523;18.0;Campeões;2
6488;86.0;8.0;99.0;1;2;3;123;6.0;Hibernando;4
10270;8.0;8.0;66.0;5;2;2;522;17.5;Campeões;4
6887;33.0;19.0;564.0;4;5;4;454;17.75;Campeões;3
7573;12.0;6.0;86.0;5;1;3;513;17.25;Campeões;4
221;90.0;12.0;242.0;1;3;4;134;7.25;Em Risco;1
20;91.0;8.0;183.0;1;2;3;123;6.0;Hibernando;4
8786;52.0;18.0;450.0;3;4;4;344;14.0;Novos clientes;3
10582;3.0;21.0;758.0;5;5;5;555;21.25;Campeões;3
2371;22.0;9.0;81.0;4;3;3;433;15.75;Campeões;4
6825;86.0;4.0;16.0;1;1;1;111;4.25;Perdidos;0
1072;64.0;8.0;93.0;2;2;3;223;9.0;Precisam de atenção;4
2461;79.0;6.0;43.0;2;1;1;211;7.25;Em Risco;0
10839;42.0;6.0;29.0;3;1;1;311;10.25;Precisam de atenção;0
49;39.0;5.0;25.0;4;1;1;411;13.25;Novos clientes;0
4290;8.0;4.0;24.0;5;1;1;511;16.25;Campeões;0
10219;40.0;5.0;38.0;3;1;1;311;10.25;Precisam de atenção;0
4211;5.0;7.0;57.0;5;2;2;522;17.5;Campeões;4
1135;96.0;12.0;47.0;1;3;2;132;6.25;Hibernando;4
10846;22.0;22.0;629.0;4;5;5;455;18.25;Campeões;3
347;30.0;17.0;377.0;4;4;4;444;17.0;Campeões;1
10446;58.0;17.0;729.0;3;4;5;345;14.5;Potencialmente fiéis;3
3479;49.0;6.0;50.0;3;1;2;312;10.75;Promissores;0
11075;37.0;15.0;270.0;4;4;4;444;17.0;Campeões;1
4442;70.0;9.0;177.0;2;3;3;233;9.75;Precisam de atenção;4
199;33.0;13.0;315.0;4;4;4;444;17.0;Campeões;1
8523;39.0;10.0;60.0;4;3;2;432;15.25;Fiéis;4
310;81.0;21.0;573.0;1;5;5;155;9.25;Precisam de atenção;3
8629;71.0;5.0;41.0;2;1;1;211;7.25;Em Risco;0
236;62.0;10.0;170.0;2;3;3;233;9.75;Precisam de atenção;1
4599;66.0;21.0;458.0;2;5;4;254;11.75;Novos clientes;3
7326;83.0;6.0;63.0;1;1;2;112;4.75;Hibernando;4
7352;28.0;17.0;405.0;4;4;4;444;17.0;Campeões;1
2964;0.0;5.0;72.0;5;1;2;512;16.75;Campeões;2
5585;1.0;7.0;48.0;5;2;2;522;17.5;Campeões;4
3732;72.0;27.0;860.0;2;5;5;255;12.25;Novos clientes;3
11176;12.0;18.0;495.0;5;4;4;544;20.0;Campeões;3
2986;89.0;4.0;20.0;1;1;1;111;4.25;Perdidos;0
3900;54.0;21.0;769.0;3;5;5;355;15.25;Fiéis;3
7034;34.0;7.0;55.0;4;2;2;422;14.5;Potencialmente fiéis;4
1143;43.0;7.0;55.0;3;2;2;322;11.5;Novos clientes;4
1;0.0;18.0;577.0;5;4;5;545;20.5;Campeões;2
3855;74.0;8.0;162.0;2;2;3;223;9.0;Precisam de atenção;4
6768;75.0;6.0;36.0;2;1;1;211;7.25;Em Risco;0
6646;23.0;5.0;22.0;4;1;1;411;13.25;Novos clientes;0
4887;65.0;6.0;63.0;2;1;2;212;7.75;Quase em risco;4
8560;94.0;18.0;680.0;1;4;5;145;8.5;Quase em risco;3
3321;42.0;20.0;542.0;3;5;4;354;14.75;Fiéis;3
11003;10.0;7.0;50.0;5;2;2;522;17.5;Campeões;4
10402;94.0;6.0;39.0;1;1;1;111;4.25;Perdidos;0
6141;46.0;14.0;385.0;3;4;4;344;14.0;Novos clientes;1
10856;42.0;5.0;46.0;3;1;2;312;10.75;Promissores;0
4186;11.0;9.0;76.0;5;3;2;532;18.25;Campeões;4
368;61.0;14.0;290.0;2;4;4;244;11.0;Promissores;1
3312;12.0;11.0;89.0;5;3;3;533;18.75;Campeões;4
11121;76.0;11.0;70.0;2;3;2;232;9.25;Precisam de atenção;4
5332;2.0;17.0;1066.0;5;4;5;545;20.5;Campeões;3
5935;60.0;23.0;764.0;2;5;5;255;12.25;Novos clientes;3
2895;79.0;11.0;195.0;2;3;3;233;9.75;Precisam de atenção;1
10262;96.0;11.0;53.0;1;3;2;132;6.25;Hibernando;4
7848;17.0;13.0;368.0;5;4;4;544;20.0;Campeões;1
9477;0.0;20.0;544.0;5;5;4;554;20.75;Campeões;2
7186;43.0;6.0;35.0;3;1;1;311;10.25;Precisam de atenção;0
5794;1.0;18.0;446.0;5;4;4;544;20.0;Campeões;3
4877;2.0;5.0;41.0;5;1;1;511;16.25;Campeões;0
425;66.0;22.0;727.0;2;5;5;255;12.25;Novos clientes;3
3007;49.0;6.0;40.0;3;1;1;311;10.25;Precisam de atenção;0
4297;71.0;7.0;40.0;2;2;1;221;8.0;Quase em risco;4
807;35.0;17.0;292.0;4;4;4;444;17.0;Campeões;1
9553;94.0;4.0;15.0;1;1;1;111;4.25;Perdidos;0
4271;80.0;17.0;341.0;1;4;4;144;8.0;Quase em risco;1
4120;61.0;13.0;369.0;2;4;4;244;11.0;Promissores;1
2036;29.0;17.0;401.0;4;4;4;444;17.0;Campeões;1
115;0.0;17.0;393.0;5;4;4;544;20.0;Campeões;2
4259;80.0;4.0;10.0;1;1;1;111;4.25;Perdidos;0
8687;54.0;16.0;486.0;3;4;4;344;14.0;Novos clientes;1
2447;71.0;7.0;69.0;2;2;2;222;8.5;Quase em risco;4
9353;61.0;16.0;995.0;2;4;5;245;11.5;Novos clientes;3
3623;55.0;10.0;45.0;3;3;2;332;12.25;Novos clientes;4
738;35.0;12.0;182.0;4;3;3;433;15.75;Campeões;1
7631;34.0;23.0;989.0;4;5;5;455;18.25;Campeões;3
10602;30.0;9.0;156.0;4;3;3;433;15.75;Campeões;4
3270;96.0;11.0;128.0;1;3;3;133;6.75;Não posso perdê-los;4
8443;16.0;9.0;86.0;5;3;3;533;18.75;Campeões;4
9653;16.0;7.0;68.0;5;2;2;522;17.5;Campeões;4
8916;78.0;4.0;16.0;2;1;1;211;7.25;Em Risco;0
8017;83.0;7.0;55.0;1;2;2;122;5.5;Hibernando;4
7023;87.0;15.0;263.0;1;4;4;144;8.0;Quase em risco;1
8086;34.0;7.0;55.0;4;2;2;422;14.5;Potencialmente fiéis;4
2930;7.0;20.0;1281.0;5;5;5;555;21.25;Campeões;3
1928;73.0;7.0;83.0;2;2;3;223;9.0;Precisam de atenção;4
7108;54.0;18.0;353.0;3;4;4;344;14.0;Novos clientes;1
9960;52.0;4.0;14.0;3;1;1;311;10.25;Precisam de atenção;0
7037;50.0;17.0;401.0;3;4;4;344;14.0;Novos clientes;1
905;38.0;11.0;84.0;4;3;3;433;15.75;Campeões;4
8624;61.0;18.0;928.0;2;4;5;245;11.5;Novos clientes;3
8945;46.0;11.0;203.0;3;3;3;333;12.75;Novos clientes;1
6445;73.0;16.0;858.0;2;4;5;245;11.5;Novos clientes;3
2727;19.0;13.0;409.0;5;4;4;544;20.0;Campeões;1
6404;10.0;16.0;282.0;5;4;4;544;20.0;Campeões;1
1968;37.0;4.0;28.0;4;1;1;411;13.25;Novos clientes;0
6534;94.0;6.0;67.0;1;1;2;112;4.75;Hibernando;4
9485;23.0;10.0;199.0;4;3;3;433;15.75;Campeões;1
1048;11.0;10.0;178.0;5;3;3;533;18.75;Campeões;1
9308;51.0;14.0;976.0;3;4;5;345;14.5;Potencialmente fiéis;3
10505;86.0;15.0;1001.0;1;4;5;145;8.5;Quase em risco;3
2625;30.0;14.0;350.0;4;4;4;444;17.0;Campeões;1
9972;25.0;5.0;46.0;4;1;2;412;13.75;Novos clientes;0
4487;67.0;7.0;95.0;2;2;3;223;9.0;Precisam de atenção;4
4988;58.0;9.0;62.0;3;3;2;332;12.25;Novos clientes;4
5871;98.0;16.0;467.0;1;4;4;144;8.0;Quase em risco;1
5303;42.0;20.0;1113.0;3;5;5;355;15.25;Fiéis;3
538;78.0;7.0;125.0;2;2;3;223;9.0;Precisam de atenção;4
5692;82.0;5.0;32.0;1;1;1;111;4.25;Perdidos;0
6383;78.0;8.0;46.0;2;2;2;222;8.5;Quase em risco;4
3673;59.0;26.0;779.0;2;5;5;255;12.25;Novos clientes;3
760;8.0;23.0;811.0;5;5;5;555;21.25;Campeões;3
4128;51.0;20.0;725.0;3;5;5;355;15.25;Fiéis;3
6810;76.0;12.0;1187.0;2;3;5;235;10.75;Promissores;3
8700;86.0;9.0;66.0;1;3;2;132;6.25;Hibernando;4
1328;56.0;20.0;683.0;3;5;5;355;15.25;Fiéis;3
8405;83.0;13.0;305.0;1;4;4;144;8.0;Quase em risco;1
6515;92.0;6.0;50.0;1;1;2;112;4.75;Hibernando;0
2882;31.0;16.0;995.0;4;4;5;445;17.5;Campeões;3
7574;80.0;6.0;41.0;1;1;1;111;4.25;Perdidos;0
6387;39.0;9.0;77.0;4;3;2;432;15.25;Fiéis;4
5320;20.0;12.0;171.0;4;3;3;433;15.75;Campeões;1
5048;53.0;7.0;131.0;3;2;3;323;12.0;Novos clientes;4
8146;84.0;5.0;54.0;1;1;2;112;4.75;Hibernando;0
10031;50.0;12.0;53.0;3;3;2;332;12.25;Novos clientes;4
2134;94.0;22.0;694.0;1;5;5;155;9.25;Precisam de atenção;3
1523;25.0;8.0;96.0;4;2;3;423;15.0;Fiéis;4
9665;48.0;16.0;361.0;3;4;4;344;14.0;Novos clientes;1
3635;69.0;20.0;578.0;2;5;5;255;12.25;Novos clientes;3
3547;12.0;7.0;64.0;5;2;2;522;17.5;Campeões;4
2456;84.0;13.0;149.0;1;4;3;143;7.5;Quase em risco;1
7011;47.0;10.0;93.0;3;3;3;333;12.75;Novos clientes;4
2620;48.0;4.0;23.0;3;1;1;311;10.25;Precisam de atenção;0
1734;37.0;11.0;81.0;4;3;3;433;15.75;Campeões;4
10995;8.0;10.0;92.0;5;3;3;533;18.75;Campeões;4
6357;29.0;18.0;491.0;4;4;4;444;17.0;Campeões;3
3308;54.0;9.0;94.0;3;3;3;333;12.75;Novos clientes;4
2166;55.0;4.0;23.0;3;1;1;311;10.25;Precisam de atenção;0
6634;78.0;6.0;54.0;2;1;2;212;7.75;Quase em risco;4
6872;43.0;16.0;405.0;3;4;4;344;14.0;Novos clientes;1
453;1.0;7.0;45.0;5;2;2;522;17.5;Campeões;4
9850;32.0;4.0;19.0;4;1;1;411;13.25;Novos clientes;0
7646;70.0;24.0;805.0;2;5;5;255;12.25;Novos clientes;3
1640;49.0;8.0;108.0;3;2;3;323;12.0;Novos clientes;4
5184;65.0;4.0;23.0;2;1;1;211;7.25;Em Risco;0
8492;25.0;23.0;1493.0;4;5;5;455;18.25;Campeões;3
11188;84.0;9.0;89.0;1;3;3;133;6.75;Não posso perdê-los;4
1212;7.0;25.0;936.0;5;5;5;555;21.25;Campeões;3
9097;34.0;16.0;343.0;4;4;4;444;17.0;Campeões;1
10473;38.0;20.0;528.0;4;5;4;454;17.75;Campeões;3
5527;25.0;7.0;58.0;4;2;2;422;14.5;Potencialmente fiéis;4
6374;50.0;16.0;297.0;3;4;4;344;14.0;Novos clientes;1
7453;46.0;21.0;488.0;3;5;4;354;14.75;Fiéis;3
8952;96.0;23.0;859.0;1;5;5;155;9.25;Precisam de atenção;3
8975;47.0;10.0;69.0;3;3;2;332;12.25;Novos clientes;4
6119;52.0;4.0;17.0;3;1;1;311;10.25;Precisam de atenção;0
5723;63.0;8.0;116.0;2;2;3;223;9.0;Precisam de atenção;4
1970;14.0;7.0;103.0;5;2;3;523;18.0;Campeões;4
5313;20.0;9.0;44.0;4;3;2;432;15.25;Fiéis;4
10634;56.0;15.0;406.0;3;4;4;344;14.0;Novos clientes;1
8562;72.0;11.0;236.0;2;3;4;234;10.25;Precisam de atenção;1
3158;1.0;5.0;39.0;5;1;1;511;16.25;Campeões;0
4436;27.0;8.0;137.0;4;2;3;423;15.0;Fiéis;4
5287;77.0;10.0;79.0;2;3;3;233;9.75;Precisam de atenção;4
2445;87.0;6.0;63.0;1;1;2;112;4.75;Hibernando;4
4550;51.0;6.0;71.0;3;1;2;312;10.75;Promissores;4
4240;79.0;7.0;58.0;2;2;2;222;8.5;Quase em risco;4
8911;11.0;21.0;702.0;5;5;5;555;21.25;Campeões;3
3706;54.0;7.0;94.0;3;2;3;323;12.0;Novos clientes;4
3628;93.0;7.0;80.0;1;2;3;123;6.0;Hibernando;4
10175;0.0;5.0;22.0;5;1;1;511;16.25;Campeões;2
9888;3.0;16.0;1091.0;5;4;5;545;20.5;Campeões;3
5263;99.0;5.0;55.0;1;1;2;112;4.75;Hibernando;0
9503;65.0;13.0;313.0;2;4;4;244;11.0;Promissores;1
10613;44.0;11.0;62.0;3;3;2;332;12.25;Novos clientes;4
67;6.0;9.0;92.0;5;3;3;533;18.75;Campeões;4
6019;9.0;6.0;72.0;5;1;2;512;16.75;Campeões;4
5863;95.0;21.0;655.0;1;5;5;155;9.25;Precisam de atenção;3
6730;92.0;8.0;54.0;1;2;2;122;5.5;Hibernando;4
6287;2.0;5.0;36.0;5;1;1;511;16.25;Campeões;0
5985;0.0;10.0;122.0;5;3;3;533;18.75;Campeões;2
4754;91.0;7.0;122.0;1;2;3;123;6.0;Hibernando;4
966;98.0;25.0;691.0;1;5;5;155;9.25;Precisam de atenção;3
9725;16.0;4.0;12.0;5;1;1;511;16.25;Campeões;0
5740;1.0;7.0;56.0;5;2;2;522;17.5;Campeões;4
5731;64.0;5.0;37.0;2;1;1;211;7.25;Em Risco;0
7290;68.0;21.0;968.0;2;5;5;255;12.25;Novos clientes;3
3846;98.0;15.0;270.0;1;4;4;144;8.0;Quase em risco;1
8104;32.0;12.0;278.0;4;3;4;434;16.25;Campeões;1
4507;87.0;22.0;1250.0;1;5;5;155;9.25;Precisam de atenção;3
1162;23.0;20.0;653.0;4;5;5;455;18.25;Campeões;3
2055;37.0;6.0;49.0;4;1;2;412;13.75;Novos clientes;0
10766;22.0;17.0;506.0;4;4;4;444;17.0;Campeões;3
4415;19.0;8.0;38.0;5;2;1;521;17.0;Campeões;4
4817;91.0;4.0;18.0;1;1;1;111;4.25;Perdidos;0
10536;78.0;8.0;46.0;2;2;2;222;8.5;Quase em risco;4
3807;83.0;23.0;766.0;1;5;5;155;9.25;Precisam de atenção;3
9197;92.0;7.0;47.0;1;2;2;122;5.5;Hibernando;4
10832;4.0;14.0;467.0;5;4;4;544;20.0;Campeões;1
577;10.0;6.0;22.0;5;1;1;511;16.25;Campeões;0
10855;9.0;15.0;396.0;5;4;4;544;20.0;Campeões;1
3081;65.0;4.0;20.0;2;1;1;211;7.25;Em Risco;0
247;16.0;19.0;357.0;5;5;4;554;20.75;Campeões;3
8707;12.0;16.0;1401.0;5;4;5;545;20.5;Campeões;3
9523;95.0;4.0;15.0;1;1;1;111;4.25;Perdidos;0
10914;3.0;6.0;17.0;5;1;1;511;16.25;Campeões;0
5577;77.0;4.0;23.0;2;1;1;211;7.25;Em Risco;0
1833;91.0;9.0;133.0;1;3;3;133;6.75;Não posso perdê-los;4
4944;24.0;17.0;777.0;4;4;5;445;17.5;Campeões;3
9080;2.0;9.0;73.0;5;3;2;532;18.25;Campeões;4
6466;22.0;10.0;121.0;4;3;3;433;15.75;Campeões;4
9964;56.0;15.0;424.0;3;4;4;344;14.0;Novos clientes;1
4790;54.0;13.0;868.0;3;4;5;345;14.5;Potencialmente fiéis;3
10245;71.0;15.0;756.0;2;4;5;245;11.5;Novos clientes;3
1109;38.0;4.0;12.0;4;1;1;411;13.25;Novos clientes;0
6001;62.0;25.0;937.0;2;5;5;255;12.25;Novos clientes;3
10552;18.0;14.0;367.0;5;4;4;544;20.0;Campeões;1
1545;95.0;20.0;443.0;1;5;4;154;8.75;Quase em risco;3
7409;66.0;13.0;267.0;2;4;4;244;11.0;Promissores;1
4444;28.0;6.0;61.0;4;1;2;412;13.75;Novos clientes;4
146;78.0;21.0;1323.0;2;5;5;255;12.25;Novos clientes;3
6271;13.0;6.0;63.0;5;1;2;512;16.75;Campeões;4
10065;27.0;8.0;64.0;4;2;2;422;14.5;Potencialmente fiéis;4
4741;17.0;19.0;562.0;5;5;4;554;20.75;Campeões;3
375;79.0;16.0;1156.0;2;4;5;245;11.5;Novos clientes;3
10022;78.0;4.0;16.0;2;1;1;211;7.25;Em Risco;0
11010;75.0;9.0;44.0;2;3;2;232;9.25;Precisam de atenção;4
3885;10.0;5.0;63.0;5;1;2;512;16.75;Campeões;0
880;47.0;6.0;96.0;3;1;3;313;11.25;Novos clientes;4
850;4.0;22.0;757.0;5;5;5;555;21.25;Campeões;3
4713;15.0;9.0;125.0;5;3;3;533;18.75;Campeões;4
675;67.0;16.0;332.0;2;4;4;244;11.0;Promissores;1
5025;32.0;8.0;135.0;4;2;3;423;15.0;Fiéis;4
2308;40.0;14.0;330.0;3;4;4;344;14.0;Novos clientes;1
6749;78.0;18.0;1722.0;2;4;5;245;11.5;Novos clientes;3
1010;94.0;7.0;78.0;1;2;2;122;5.5;Hibernando;4
8977;51.0;4.0;24.0;3;1;1;311;10.25;Precisam de atenção;0
3412;67.0;17.0;957.0;2;4;5;245;11.5;Novos clientes;3
606;87.0;4.0;15.0;1;1;1;111;4.25;Perdidos;0
5961;29.0;5.0;57.0;4;1;2;412;13.75;Novos clientes;0
7613;97.0;14.0;326.0;1;4;4;144;8.0;Quase em risco;1
10542;63.0;9.0;77.0;2;3;2;232;9.25;Precisam de atenção;4
8015;88.0;20.0;1313.0;1;5;5;155;9.25;Precisam de atenção;3
10617;34.0;8.0;30.0;4;2;1;421;14.0;Novos clientes;4
11166;81.0;14.0;315.0;1;4;4;144;8.0;Quase em risco;1
849;65.0;22.0;660.0;2;5;5;255;12.25;Novos clientes;3
523;51.0;7.0;74.0;3;2;2;322;11.5;Novos clientes;4
4066;76.0;7.0;46.0;2;2;2;222;8.5;Quase em risco;4
8414;76.0;8.0;86.0;2;2;3;223;9.0;Precisam de atenção;4
4961;56.0;11.0;61.0;3;3;2;332;12.25;Novos clientes;4
749;31.0;9.0;145.0;4;3;3;433;15.75;Campeões;4
7755;91.0;16.0;411.0;1;4;4;144;8.0;Quase em risco;1
10525;40.0;4.0;27.0;3;1;1;311;10.25;Precisam de atenção;0
10710;61.0;4.0;18.0;2;1;1;211;7.25;Em Risco;0
2613;16.0;12.0;237.0;5;3;4;534;19.25;Campeões;1
213;98.0;10.0;48.0;1;3;2;132;6.25;Hibernando;4
7959;19.0;11.0;1370.0;5;3;5;535;19.75;Campeões;3
640;61.0;25.0;1026.0;2;5;5;255;12.25;Novos clientes;3
4252;73.0;12.0;301.0;2;3;4;234;10.25;Precisam de atenção;1
6218;74.0;17.0;499.0;2;4;4;244;11.0;Promissores;3
6905;55.0;21.0;1004.0;3;5;5;355;15.25;Fiéis;3
5922;48.0;12.0;218.0;3;3;3;333;12.75;Novos clientes;1
3598;53.0;22.0;606.0;3;5;5;355;15.25;Fiéis;3
6116;13.0;6.0;75.0;5;1;2;512;16.75;Campeões;4
6263;34.0;9.0;106.0;4;3;3;433;15.75;Campeões;4
193;81.0;4.0;16.0;1;1;1;111;4.25;Perdidos;0
3363;99.0;5.0;34.0;1;1;1;111;4.25;Perdidos;0
8278;3.0;16.0;1711.0;5;4;5;545;20.5;Campeões;3
10660;61.0;17.0;438.0;2;4;4;244;11.0;Promissores;1
8686;65.0;7.0;75.0;2;2;2;222;8.5;Quase em risco;4
1604;93.0;13.0;225.0;1;4;3;143;7.5;Quase em risco;1
5907;24.0;4.0;18.0;4;1;1;411;13.25;Novos clientes;0
10669;8.0;17.0;470.0;5;4;4;544;20.0;Campeões;3
2918;72.0;9.0;91.0;2;3;3;233;9.75;Precisam de atenção;4
359;33.0;19.0;504.0;4;5;4;454;17.75;Campeões;3
8387;68.0;11.0;235.0;2;3;4;234;10.25;Precisam de atenção;1
3839;76.0;12.0;88.0;2;3;3;233;9.75;Precisam de atenção;4
9392;17.0;4.0;17.0;5;1;1;511;16.25;Campeões;0
2292;94.0;5.0;24.0;1;1;1;111;4.25;Perdidos;0
10466;86.0;7.0;60.0;1;2;2;122;5.5;Hibernando;4
4088;22.0;10.0;155.0;4;3;3;433;15.75;Campeões;4
5231;15.0;5.0;51.0;5;1;2;512;16.75;Campeões;0
2315;55.0;6.0;96.0;3;1;3;313;11.25;Novos clientes;4
3515;94.0;9.0;160.0;1;3;3;133;6.75;Não posso perdê-los;4
2245;50.0;10.0;139.0;3;3;3;333;12.75;Novos clientes;4
6283;64.0;22.0;908.0;2;5;5;255;12.25;Novos clientes;3
2246;91.0;8.0;183.0;1;2;3;123;6.0;Hibernando;4
6606;11.0;19.0;1161.0;5;5;5;555;21.25;Campeões;3
5545;72.0;14.0;988.0;2;4;5;245;11.5;Novos clientes;3
837;0.0;12.0;174.0;5;3;3;533;18.75;Campeões;2
9500;66.0;22.0;758.0;2;5;5;255;12.25;Novos clientes;3
3602;42.0;11.0;195.0;3;3;3;333;12.75;Novos clientes;1
234;60.0;6.0;31.0;2;1;1;211;7.25;Em Risco;0
3068;1.0;6.0;43.0;5;1;1;511;16.25;Campeões;0
8955;54.0;5.0;49.0;3;1;2;312;10.75;Promissores;0
945;53.0;9.0;133.0;3;3;3;333;12.75;Novos clientes;4
5644;96.0;15.0;363.0;1;4;4;144;8.0;Quase em risco;1
7192;58.0;18.0;545.0;3;4;4;344;14.0;Novos clientes;3
3439;64.0;15.0;296.0;2;4;4;244;11.0;Promissores;1
1506;26.0;11.0;140.0;4;3;3;433;15.75;Campeões;1
232;8.0;17.0;530.0;5;4;4;544;20.0;Campeões;3
8876;49.0;13.0;152.0;3;4;3;343;13.5;Novos clientes;1
9739;55.0;8.0;114.0;3;2;3;323;12.0;Novos clientes;4
10395;25.0;10.0;101.0;4;3;3;433;15.75;Campeões;4
1176;50.0;4.0;25.0;3;1;1;311;10.25;Precisam de atenção;0
938;30.0;7.0;87.0;4;2;3;423;15.0;Fiéis;4
2740;81.0;11.0;90.0;1;3;3;133;6.75;Não posso perdê-los;4
257;74.0;20.0;1215.0;2;5;5;255;12.25;Novos clientes;3
7736;36.0;7.0;61.0;4;2;2;422;14.5;Potencialmente fiéis;4
8210;64.0;18.0;405.0;2;4;4;244;11.0;Promissores;3
833;62.0;9.0;72.0;2;3;2;232;9.25;Precisam de atenção;4
6230;53.0;14.0;189.0;3;4;3;343;13.5;Novos clientes;1
7325;86.0;5.0;40.0;1;1;1;111;4.25;Perdidos;0
1307;15.0;10.0;63.0;5;3;2;532;18.25;Campeões;4
1502;67.0;7.0;52.0;2;2;2;222;8.5;Quase em risco;4
6211;47.0;5.0;39.0;3;1;1;311;10.25;Precisam de atenção;0
4174;81.0;8.0;130.0;1;2;3;123;6.0;Hibernando;4
6918;56.0;5.0;34.0;3;1;1;311;10.25;Precisam de atenção;0
286;48.0;12.0;152.0;3;3;3;333;12.75;Novos clientes;1
11086;18.0;5.0;21.0;5;1;1;511;16.25;Campeões;0
1921;74.0;7.0;71.0;2;2;2;222;8.5;Quase em risco;4
7718;36.0;10.0;711.0;4;3;5;435;16.75;Campeões;1
1291;90.0;16.0;351.0;1;4;4;144;8.0;Quase em risco;1
4136;63.0;11.0;119.0;2;3;3;233;9.75;Precisam de atenção;4
803;82.0;4.0;21.0;1;1;1;111;4.25;Perdidos;0
4298;63.0;4.0;10.0;2;1;1;211;7.25;Em Risco;0
9606;64.0;13.0;1536.0;2;4;5;245;11.5;Novos clientes;3
6653;72.0;18.0;418.0;2;4;4;244;11.0;Promissores;3
5493;21.0;4.0;23.0;4;1;1;411;13.25;Novos clientes;0
5107;37.0;6.0;49.0;4;1;2;412;13.75;Novos clientes;0
8147;40.0;8.0;48.0;3;2;2;322;11.5;Novos clientes;4
1857;2.0;7.0;83.0;5;2;3;523;18.0;Campeões;4
11114;94.0;9.0;84.0;1;3;3;133;6.75;Não posso perdê-los;4
5429;10.0;10.0;183.0;5;3;3;533;18.75;Campeões;1
9400;73.0;19.0;1383.0;2;5;5;255;12.25;Novos clientes;3
1740;22.0;16.0;999.0;4;4;5;445;17.5;Campeões;3
195;21.0;14.0;246.0;4;4;4;444;17.0;Campeões;1
7527;97.0;9.0;76.0;1;3;2;132;6.25;Hibernando;4
2296;4.0;4.0;30.0;5;1;1;511;16.25;Campeões;0
10637;77.0;8.0;99.0;2;2;3;223;9.0;Precisam de atenção;4
907;36.0;18.0;362.0;4;4;4;444;17.0;Campeões;1
9516;90.0;28.0;1229.0;1;5;5;155;9.25;Precisam de atenção;3
679;49.0;6.0;38.0;3;1;1;311;10.25;Precisam de atenção;0
7384;18.0;17.0;485.0;5;4;4;544;20.0;Campeões;3
5043;89.0;13.0;434.0;1;4;4;144;8.0;Quase em risco;1
5267;43.0;5.0;44.0;3;1;2;312;10.75;Promissores;0
339;82.0;18.0;496.0;1;4;4;144;8.0;Quase em risco;3
2516;84.0;7.0;78.0;1;2;2;122;5.5;Hibernando;4
4808;12.0;4.0;17.0;5;1;1;511;16.25;Campeões;0
5068;75.0;5.0;26.0;2;1;1;211;7.25;Em Risco;0
7628;10.0;8.0;76.0;5;2;2;522;17.5;Campeões;4
7128;91.0;4.0;15.0;1;1;1;111;4.25;Perdidos;0
2811;21.0;7.0;62.0;4;2;2;422;14.5;Potencialmente fiéis;4
3551;28.0;10.0;198.0;4;3;3;433;15.75;Campeões;1
1663;97.0;5.0;49.0;1;1;2;112;4.75;Hibernando;0
5543;49.0;25.0;802.0;3;5;5;355;15.25;Fiéis;3
10641;5.0;10.0;57.0;5;3;2;532;18.25;Campeões;4
1878;83.0;6.0;37.0;1;1;1;111;4.25;Perdidos;0
3099;48.0;16.0;310.0;3;4;4;344;14.0;Novos clientes;1
3972;70.0;19.0;401.0;2;5;4;254;11.75;Novos clientes;3
4603;50.0;21.0;656.0;3;5;5;355;15.25;Fiéis;3
10260;74.0;15.0;311.0;2;4;4;244;11.0;Promissores;1
8789;77.0;14.0;274.0;2;4;4;244;11.0;Promissores;1
6197;39.0;9.0;57.0;4;3;2;432;15.25;Fiéis;4
4554;89.0;17.0;448.0;1;4;4;144;8.0;Quase em risco;3
4937;62.0;5.0;44.0;2;1;2;212;7.75;Quase em risco;0
1920;59.0;8.0;102.0;2;2;3;223;9.0;Precisam de atenção;4
8749;68.0;5.0;61.0;2;1;2;212;7.75;Quase em risco;0
10377;37.0;15.0;397.0;4;4;4;444;17.0;Campeões;1
9206;36.0;26.0;1121.0;4;5;5;455;18.25;Campeões;3
6398;2.0;8.0;50.0;5;2;2;522;17.5;Campeões;4
7937;86.0;7.0;58.0;1;2;2;122;5.5;Hibernando;4
839;54.0;9.0;170.0;3;3;3;333;12.75;Novos clientes;4
158;3.0;17.0;1196.0;5;4;5;545;20.5;Campeões;3
4832;84.0;8.0;101.0;1;2;3;123;6.0;Hibernando;4
5621;8.0;17.0;316.0;5;4;4;544;20.0;Campeões;1
11039;51.0;13.0;311.0;3;4;4;344;14.0;Novos clientes;1
9635;13.0;8.0;129.0;5;2;3;523;18.0;Campeões;4
2173;23.0;5.0;32.0;4;1;1;411;13.25;Novos clientes;0
942;36.0;14.0;299.0;4;4;4;444;17.0;Campeões;1
9386;88.0;13.0;320.0;1;4;4;144;8.0;Quase em risco;1
5510;2.0;16.0;441.0;5;4;4;544;20.0;Campeões;1
2253;15.0;6.0;85.0;5;1;3;513;17.25;Campeões;4
5181;58.0;4.0;24.0;3;1;1;311;10.25;Precisam de atenção;0
979;11.0;8.0;112.0;5;2;3;523;18.0;Campeões;4
10390;27.0;5.0;30.0;4;1;1;411;13.25;Novos clientes;0
4698;32.0;16.0;410.0;4;4;4;444;17.0;Campeões;1
1745;88.0;20.0;1313.0;1;5;5;155;9.25;Precisam de atenção;3
10590;91.0;23.0;1483.0;1;5;5;155;9.25;Precisam de atenção;3
8369;21.0;4.0;28.0;4;1;1;411;13.25;Novos clientes;0
5232;23.0;11.0;227.0;4;3;3;433;15.75;Campeões;1
2407;10.0;20.0;1555.0;5;5;5;555;21.25;Campeões;3
7912;69.0;8.0;103.0;2;2;3;223;9.0;Precisam de atenção;4
7712;68.0;19.0;634.0;2;5;5;255;12.25;Novos clientes;3
7275;34.0;10.0;131.0;4;3;3;433;15.75;Campeões;4
1343;55.0;22.0;586.0;3;5;5;355;15.25;Fiéis;3
1384;10.0;7.0;62.0;5;2;2;522;17.5;Campeões;4
6181;36.0;27.0;939.0;4;5;5;455;18.25;Campeões;3
10507;14.0;15.0;797.0;5;4;5;545;20.5;Campeões;3
2698;52.0;17.0;415.0;3;4;4;344;14.0;Novos clientes;1
3231;97.0;5.0;30.0;1;1;1;111;4.25;Perdidos;0
4096;24.0;12.0;187.0;4;3;3;433;15.75;Campeões;1
10476;0.0;11.0;251.0;5;3;4;534;19.25;Campeões;2
5948;96.0;12.0;237.0;1;3;4;134;7.25;Em Risco;1
9140;89.0;8.0;91.0;1;2;3;123;6.0;Hibernando;4
10258;94.0;6.0;35.0;1;1;1;111;4.25;Perdidos;0
5675;98.0;22.0;493.0;1;5;4;154;8.75;Quase em risco;3
4743;72.0;28.0;971.0;2;5;5;255;12.25;Novos clientes;3
8805;1.0;17.0;371.0;5;4;4;544;20.0;Campeões;1
1542;26.0;20.0;396.0;4;5;4;454;17.75;Campeões;3
6770;5.0;7.0;68.0;5;2;2;522;17.5;Campeões;4
8773;22.0;15.0;322.0;4;4;4;444;17.0;Campeões;1
10420;56.0;10.0;222.0;3;3;3;333;12.75;Novos clientes;1
7514;74.0;12.0;177.0;2;3;3;233;9.75;Precisam de atenção;1
793;24.0;6.0;45.0;4;1;2;412;13.75;Novos clientes;0
8702;10.0;6.0;22.0;5;1;1;511;16.25;Campeões;0
4791;35.0;5.0;41.0;4;1;1;411;13.25;Novos clientes;0
2963;56.0;21.0;1440.0;3;5;5;355;15.25;Fiéis;3
8216;7.0;17.0;325.0;5;4;4;544;20.0;Campeões;1
8140;51.0;10.0;95.0;3;3;3;333;12.75;Novos clientes;4
10146;17.0;5.0;42.0;5;1;1;511;16.25;Campeões;0
5289;30.0;6.0;72.0;4;1;2;412;13.75;Novos clientes;4
2587;21.0;7.0;20.0;4;2;1;421;14.0;Novos clientes;0
4405;2.0;23.0;789.0;5;5;5;555;21.25;Campeões;3
8663;85.0;4.0;15.0;1;1;1;111;4.25;Perdidos;0
2589;65.0;8.0;59.0;2;2;2;222;8.5;Quase em risco;4
3421;64.0;22.0;908.0;2;5;5;255;12.25;Novos clientes;3
10490;11.0;14.0;417.0;5;4;4;544;20.0;Campeões;1
4094;92.0;15.0;289.0;1;4;4;144;8.0;Quase em risco;1
9958;54.0;21.0;769.0;3;5;5;355;15.25;Fiéis;3
2534;4.0;10.0;188.0;5;3;3;533;18.75;Campeões;1
4188;53.0;14.0;354.0;3;4;4;344;14.0;Novos clientes;1
6613;39.0;26.0;727.0;4;5;5;455;18.25;Campeões;3
10827;49.0;11.0;146.0;3;3;3;333;12.75;Novos clientes;1
5491;70.0;16.0;319.0;2;4;4;244;11.0;Promissores;1
8402;40.0;22.0;794.0;3;5;5;355;15.25;Fiéis;3
8783;40.0;18.0;454.0;3;4;4;344;14.0;Novos clientes;3
10010;43.0;11.0;152.0;3;3;3;333;12.75;Novos clientes;1
618;17.0;22.0;797.0;5;5;5;555;21.25;Campeões;3
361;84.0;4.0;20.0;1;1;1;111;4.25;Perdidos;0
2678;62.0;11.0;209.0;2;3;3;233;9.75;Precisam de atenção;1
6376;83.0;19.0;545.0;1;5;4;154;8.75;Quase em risco;3
524;47.0;6.0;96.0;3;1;3;313;11.25;Novos clientes;4
10341;45.0;10.0;222.0;3;3;3;333;12.75;Novos clientes;1
5654;34.0;7.0;61.0;4;2;2;422;14.5;Potencialmente fiéis;4
4098;3.0;9.0;44.0;5;3;2;532;18.25;Campeões;4
5824;1.0;4.0;8.0;5;1;1;511;16.25;Campeões;0
2561;45.0;23.0;1371.0;3;5;5;355;15.25;Fiéis;3
5229;81.0;5.0;42.0;1;1;1;111;4.25;Perdidos;0
4086;77.0;5.0;60.0;2;1;2;212;7.75;Quase em risco;0
2428;23.0;9.0;78.0;4;3;2;432;15.25;Fiéis;4
8254;48.0;4.0;23.0;3;1;1;311;10.25;Precisam de atenção;0
2836;61.0;4.0;19.0;2;1;1;211;7.25;Em Risco;0
8418;60.0;7.0;61.0;2;2;2;222;8.5;Quase em risco;4
7152;64.0;5.0;37.0;2;1;1;211;7.25;Em Risco;0
10033;54.0;5.0;38.0;3;1;1;311;10.25;Precisam de atenção;0
274;75.0;7.0;34.0;2;2;1;221;8.0;Quase em risco;4
3388;16.0;17.0;294.0;5;4;4;544;20.0;Campeões;1
922;79.0;6.0;48.0;2;1;2;212;7.75;Quase em risco;0
8588;92.0;15.0;289.0;1;4;4;144;8.0;Quase em risco;1
2518;16.0;4.0;30.0;5;1;1;511;16.25;Campeões;0
574;96.0;7.0;125.0;1;2;3;123;6.0;Hibernando;4
3220;30.0;9.0;156.0;4;3;3;433;15.75;Campeões;4
5967;60.0;9.0;70.0;2;3;2;232;9.25;Precisam de atenção;4
1183;11.0;4.0;22.0;5;1;1;511;16.25;Campeões;0
6856;75.0;9.0;65.0;2;3;2;232;9.25;Precisam de atenção;4
4682;88.0;13.0;310.0;1;4;4;144;8.0;Quase em risco;1
1232;54.0;17.0;1244.0;3;4;5;345;14.5;Potencialmente fiéis;3
1927;41.0;17.0;690.0;3;4;5;345;14.5;Potencialmente fiéis;3
5788;46.0;12.0;209.0;3;3;3;333;12.75;Novos clientes;1
5975;82.0;6.0;57.0;1;1;2;112;4.75;Hibernando;4
6875;38.0;17.0;529.0;4;4;4;444;17.0;Campeões;3
4399;3.0;16.0;1091.0;5;4;5;545;20.5;Campeões;3
4042;87.0;11.0;180.0;1;3;3;133;6.75;Não posso perdê-los;1
2157;49.0;10.0;77.0;3;3;2;332;12.25;Novos clientes;4
2525;65.0;18.0;534.0;2;4;4;244;11.0;Promissores;3
8233;9.0;21.0;556.0;5;5;4;554;20.75;Campeões;3
2945;25.0;5.0;46.0;4;1;2;412;13.75;Novos clientes;0
10403;43.0;9.0;44.0;3;3;2;332;12.25;Novos clientes;4
5074;10.0;5.0;47.0;5;1;2;512;16.75;Campeões;0
4690;45.0;21.0;586.0;3;5;5;355;15.25;Fiéis;3
7196;20.0;4.0;13.0;4;1;1;411;13.25;Novos clientes;0
4406;29.0;25.0;1471.0;4;5;5;455;18.25;Campeões;3
9672;82.0;8.0;65.0;1;2;2;122;5.5;Hibernando;4
4864;68.0;12.0;175.0;2;3;3;233;9.75;Precisam de atenção;1
4706;65.0;5.0;40.0;2;1;1;211;7.25;Em Risco;0
3697;20.0;9.0;134.0;4;3;3;433;15.75;Campeões;4
4220;26.0;7.0;87.0;4;2;3;423;15.0;Fiéis;4
5286;68.0;10.0;217.0;2;3;3;233;9.75;Precisam de atenção;1
7787;83.0;23.0;819.0;1;5;5;155;9.25;Precisam de atenção;3
3102;32.0;5.0;32.0;4;1;1;411;13.25;Novos clientes;0
5868;49.0;6.0;46.0;3;1;2;312;10.75;Promissores;0
5763;63.0;18.0;380.0;2;4;4;244;11.0;Promissores;1
7494;11.0;15.0;269.0;5;4;4;544;20.0;Campeões;1
2005;86.0;8.0;75.0;1;2;2;122;5.5;Hibernando;4
6885;36.0;6.0;55.0;4;1;2;412;13.75;Novos clientes;4
2072;34.0;21.0;1064.0;4;5;5;455;18.25;Campeões;3
9463;16.0;25.0;1443.0;5;5;5;555;21.25;Campeões;3
5751;54.0;5.0;38.0;3;1;1;311;10.25;Precisam de atenção;0
3340;56.0;20.0;436.0;3;5;4;354;14.75;Fiéis;3
3643;65.0;14.0;928.0;2;4;5;245;11.5;Novos clientes;3
10128;21.0;27.0;907.0;4;5;5;455;18.25;Campeões;3
9;86.0;11.0;120.0;1;3;3;133;6.75;Não posso perdê-los;4
3865;14.0;7.0;73.0;5;2;2;522;17.5;Campeões;4
2853;74.0;12.0;275.0;2;3;4;234;10.25;Precisam de atenção;1
6310;4.0;7.0;78.0;5;2;2;522;17.5;Campeões;4
10380;50.0;7.0;106.0;3;2;3;323;12.0;Novos clientes;4
3887;2.0;7.0;106.0;5;2;3;523;18.0;Campeões;4
1998;82.0;7.0;84.0;1;2;3;123;6.0;Hibernando;4
10795;14.0;7.0;48.0;5;2;2;522;17.5;Campeões;4
7998;77.0;9.0;112.0;2;3;3;233;9.75;Precisam de atenção;4
3536;65.0;7.0;55.0;2;2;2;222;8.5;Quase em risco;4
125;65.0;17.0;271.0;2;4;4;244;11.0;Promissores;1
2804;86.0;11.0;120.0;1;3;3;133;6.75;Não posso perdê-los;4
3745;92.0;8.0;103.0;1;2;3;123;6.0;Hibernando;4
9771;97.0;17.0;269.0;1;4;4;144;8.0;Quase em risco;1
451;91.0;5.0;22.0;1;1;1;111;4.25;Perdidos;0
10530;0.0;16.0;1156.0;5;4;5;545;20.5;Campeões;2
6678;5.0;9.0;72.0;5;3;2;532;18.25;Campeões;4
3852;48.0;27.0;964.0;3;5;5;355;15.25;Fiéis;3
73;81.0;4.0;18.0;1;1;1;111;4.25;Perdidos;0
5589;95.0;24.0;793.0;1;5;5;155;9.25;Precisam de atenção;3
10212;43.0;7.0;100.0;3;2;3;323;12.0;Novos clientes;4
6365;5.0;6.0;80.0;5;1;3;513;17.25;Campeões;4
5636;50.0;8.0;167.0;3;2;3;323;12.0;Novos clientes;4
591;76.0;20.0;677.0;2;5;5;255;12.25;Novos clientes;3
2217;46.0;4.0;23.0;3;1;1;311;10.25;Precisam de atenção;0
2544;68.0;7.0;92.0;2;2;3;223;9.0;Precisam de atenção;4
7725;33.0;16.0;641.0;4;4;5;445;17.5;Campeões;3
5462;63.0;32.0;1174.0;2;5;5;255;12.25;Novos clientes;3
7791;89.0;6.0;25.0;1;1;1;111;4.25;Perdidos;0
4037;77.0;4.0;20.0;2;1;1;211;7.25;Em Risco;0
6642;50.0;11.0;102.0;3;3;3;333;12.75;Novos clientes;4
5424;30.0;9.0;156.0;4;3;3;433;15.75;Campeões;4
879;66.0;21.0;458.0;2;5;4;254;11.75;Novos clientes;3
9530;16.0;4.0;17.0;5;1;1;511;16.25;Campeões;0
10699;30.0;8.0;92.0;4;2;3;423;15.0;Fiéis;4
1497;8.0;16.0;407.0;5;4;4;544;20.0;Campeões;1
7476;93.0;23.0;1269.0;1;5;5;155;9.25;Precisam de atenção;3
4390;14.0;23.0;841.0;5;5;5;555;21.25;Campeões;3
9916;92.0;8.0;54.0;1;2;2;122;5.5;Hibernando;4
8135;41.0;5.0;52.0;3;1;2;312;10.75;Promissores;0
8685;56.0;20.0;436.0;3;5;4;354;14.75;Fiéis;3
4967;19.0;15.0;268.0;5;4;4;544;20.0;Campeões;1
2130;4.0;8.0;147.0;5;2;3;523;18.0;Campeões;4
8175;71.0;8.0;137.0;2;2;3;223;9.0;Precisam de atenção;4
6257;81.0;17.0;507.0;1;4;4;144;8.0;Quase em risco;3
3790;31.0;4.0;15.0;4;1;1;411;13.25;Novos clientes;0
3503;78.0;15.0;974.0;2;4;5;245;11.5;Novos clientes;3
5223;80.0;8.0;66.0;1;2;2;122;5.5;Hibernando;4
1626;37.0;6.0;49.0;4;1;2;412;13.75;Novos clientes;0
4764;52.0;12.0;169.0;3;3;3;333;12.75;Novos clientes;1
2471;39.0;12.0;299.0;4;3;4;434;16.25;Campeões;1
4971;22.0;10.0;155.0;4;3;3;433;15.75;Campeões;4
10069;43.0;5.0;58.0;3;1;2;312;10.75;Promissores;0
2262;74.0;15.0;311.0;2;4;4;244;11.0;Promissores;1
1131;54.0;7.0;95.0;3;2;3;323;12.0;Novos clientes;4
1041;3.0;19.0;424.0;5;5;4;554;20.75;Campeões;3
24;96.0;12.0;47.0;1;3;2;132;6.25;Hibernando;4
3409;68.0;15.0;339.0;2;4;4;244;11.0;Promissores;1
7943;40.0;6.0;35.0;3;1;1;311;10.25;Precisam de atenção;0
5272;64.0;20.0;562.0;2;5;4;254;11.75;Novos clientes;3
800;57.0;6.0;32.0;3;1;1;311;10.25;Precisam de atenção;0
11092;78.0;7.0;41.0;2;2;1;221;8.0;Quase em risco;4
5062;71.0;5.0;39.0;2;1;1;211;7.25;Em Risco;0
4480;61.0;19.0;401.0;2;5;4;254;11.75;Novos clientes;3
9971;22.0;17.0;506.0;4;4;4;444;17.0;Campeões;3
1773;38.0;6.0;57.0;4;1;2;412;13.75;Novos clientes;4
1764;92.0;15.0;270.0;1;4;4;144;8.0;Quase em risco;1
6215;24.0;6.0;31.0;4;1;1;411;13.25;Novos clientes;0
5423;35.0;4.0;16.0;4;1;1;411;13.25;Novos clientes;0
940;9.0;14.0;311.0;5;4;4;544;20.0;Campeões;1
3011;23.0;11.0;227.0;4;3;3;433;15.75;Campeões;1
8286;55.0;8.0;122.0;3;2;3;323;12.0;Novos clientes;4
9668;14.0;9.0;77.0;5;3;2;532;18.25;Campeões;4
7019;49.0;13.0;211.0;3;4;3;343;13.5;Novos clientes;1
7408;8.0;12.0;233.0;5;3;4;534;19.25;Campeões;1
9986;8.0;10.0;54.0;5;3;2;532;18.25;Campeões;4
3276;53.0;7.0;78.0;3;2;2;322;11.5;Novos clientes;4
3570;64.0;13.0;244.0;2;4;4;244;11.0;Promissores;1
3783;43.0;9.0;116.0;3;3;3;333;12.75;Novos clientes;4
10207;40.0;4.0;15.0;3;1;1;311;10.25;Precisam de atenção;0
10906;52.0;16.0;425.0;3;4;4;344;14.0;Novos clientes;1
5209;21.0;19.0;638.0;4;5;5;455;18.25;Campeões;3
10711;23.0;22.0;894.0;4;5;5;455;18.25;Campeões;3
10785;17.0;7.0;41.0;5;2;1;521;17.0;Campeões;4
2814;6.0;5.0;31.0;5;1;1;511;16.25;Campeões;0
6866;56.0;5.0;34.0;3;1;1;311;10.25;Precisam de atenção;0
3829;94.0;5.0;29.0;1;1;1;111;4.25;Perdidos;0
10141;1.0;4.0;20.0;5;1;1;511;16.25;Campeões;0
5177;56.0;16.0;396.0;3;4;4;344;14.0;Novos clientes;1
7005;71.0;21.0;813.0;2;5;5;255;12.25;Novos clientes;3
7485;48.0;10.0;138.0;3;3;3;333;12.75;Novos clientes;4
8079;86.0;9.0;55.0;1;3;2;132;6.25;Hibernando;4
10352;2.0;9.0;117.0;5;3;3;533;18.75;Campeões;4
13;57.0;6.0;32.0;3;1;1;311;10.25;Precisam de atenção;0
1834;77.0;6.0;67.0;2;1;2;212;7.75;Quase em risco;4
2285;0.0;15.0;335.0;5;4;4;544;20.0;Campeões;2
1378;24.0;23.0;694.0;4;5;5;455;18.25;Campeões;3
1404;89.0;13.0;231.0;1;4;4;144;8.0;Quase em risco;1
6457;77.0;24.0;902.0;2;5;5;255;12.25;Novos clientes;3
2639;45.0;9.0;68.0;3;3;2;332;12.25;Novos clientes;4
8299;46.0;6.0;71.0;3;1;2;312;10.75;Promissores;4
6437;80.0;6.0;76.0;1;1;2;112;4.75;Hibernando;4
6912;60.0;22.0;772.0;2;5;5;255;12.25;Novos clientes;3
7327;71.0;9.0;47.0;2;3;2;232;9.25;Precisam de atenção;4
8143;49.0;13.0;265.0;3;4;4;344;14.0;Novos clientes;1
3433;54.0;21.0;981.0;3;5;5;355;15.25;Fiéis;3
4712;18.0;7.0;82.0;5;2;3;523;18.0;Campeões;4
1170;45.0;14.0;244.0;3;4;4;344;14.0;Novos clientes;1
6347;26.0;5.0;36.0;4;1;1;411;13.25;Novos clientes;0
4065;0.0;16.0;404.0;5;4;4;544;20.0;Campeões;2
8230;28.0;6.0;71.0;4;1;2;412;13.75;Novos clientes;4
5939;84.0;11.0;122.0;1;3;3;133;6.75;Não posso perdê-los;4
2156;38.0;10.0;41.0;4;3;1;431;14.75;Fiéis;4
7788;53.0;4.0;10.0;3;1;1;311;10.25;Precisam de atenção;0
10323;88.0;13.0;304.0;1;4;4;144;8.0;Quase em risco;1
7947;99.0;5.0;37.0;1;1;1;111;4.25;Perdidos;0
9256;5.0;27.0;1001.0;5;5;5;555;21.25;Campeões;3
295;77.0;22.0;1157.0;2;5;5;255;12.25;Novos clientes;3
7397;45.0;21.0;688.0;3;5;5;355;15.25;Fiéis;3
6349;71.0;19.0;1319.0;2;5;5;255;12.25;Novos clientes;3
10790;40.0;4.0;21.0;3;1;1;311;10.25;Precisam de atenção;0
10398;82.0;4.0;31.0;1;1;1;111;4.25;Perdidos;0
2431;70.0;6.0;67.0;2;1;2;212;7.75;Quase em risco;4
1890;95.0;4.0;25.0;1;1;1;111;4.25;Perdidos;0
10742;72.0;11.0;746.0;2;3;5;235;10.75;Promissores;1
10356;5.0;5.0;32.0;5;1;1;511;16.25;Campeões;0
3565;62.0;9.0;72.0;2;3;2;232;9.25;Precisam de atenção;4
5294;49.0;10.0;57.0;3;3;2;332;12.25;Novos clientes;4
1958;85.0;25.0;660.0;1;5;5;155;9.25;Precisam de atenção;3
7349;7.0;11.0;103.0;5;3;3;533;18.75;Campeões;4
8799;6.0;11.0;153.0;5;3;3;533;18.75;Campeões;1
1045;55.0;13.0;279.0;3;4;4;344;14.0;Novos clientes;1
8070;98.0;12.0;264.0;1;3;4;134;7.25;Em Risco;1
7832;30.0;23.0;1526.0;4;5;5;455;18.25;Campeões;3
2202;98.0;6.0;69.0;1;1;2;112;4.75;Hibernando;4
4055;41.0;8.0;64.0;3;2;2;322;11.5;Novos clientes;4
10091;78.0;17.0;1067.0;2;4;5;245;11.5;Novos clientes;3
7629;46.0;7.0;31.0;3;2;1;321;11.0;Promissores;0
10640;71.0;14.0;211.0;2;4;3;243;10.5;Precisam de atenção;1
3498;6.0;25.0;877.0;5;5;5;555;21.25;Campeões;3
6742;82.0;4.0;11.0;1;1;1;111;4.25;Perdidos;0
1381;20.0;17.0;324.0;4;4;4;444;17.0;Campeões;1
2634;10.0;9.0;69.0;5;3;2;532;18.25;Campeões;4
10905;7.0;16.0;252.0;5;4;4;544;20.0;Campeões;1
1744;67.0;5.0;54.0;2;1;2;212;7.75;Quase em risco;0
1000;48.0;27.0;964.0;3;5;5;355;15.25;Fiéis;3
8605;36.0;7.0;68.0;4;2;2;422;14.5;Potencialmente fiéis;4
10304;77.0;5.0;60.0;2;1;2;212;7.75;Quase em risco;0
4351;90.0;5.0;55.0;1;1;2;112;4.75;Hibernando;0
7500;33.0;19.0;564.0;4;5;4;454;17.75;Campeões;3
10556;51.0;17.0;358.0;3;4;4;344;14.0;Novos clientes;1
1064;18.0;5.0;42.0;5;1;1;511;16.25;Campeões;0
48;97.0;10.0;184.0;1;3;3;133;6.75;Não posso perdê-los;1
7610;32.0;19.0;460.0;4;5;4;454;17.75;Campeões;3
263;9.0;8.0;145.0;5;2;3;523;18.0;Campeões;4
10250;49.0;4.0;28.0;3;1;1;311;10.25;Precisam de atenção;0
3571;48.0;19.0;1101.0;3;5;5;355;15.25;Fiéis;3
7807;26.0;16.0;369.0;4;4;4;444;17.0;Campeões;1
3878;3.0;5.0;48.0;5;1;2;512;16.75;Campeões;0
5092;39.0;19.0;467.0;4;5;4;454;17.75;Campeões;3
2154;33.0;8.0;44.0;4;2;2;422;14.5;Potencialmente fiéis;4
5394;42.0;10.0;38.0;3;3;1;331;11.75;Novos clientes;4
3798;80.0;9.0;81.0;1;3;3;133;6.75;Não posso perdê-los;4
3524;9.0;10.0;167.0;5;3;3;533;18.75;Campeões;1
5247;52.0;7.0;45.0;3;2;2;322;11.5;Novos clientes;4
2118;68.0;20.0;622.0;2;5;5;255;12.25;Novos clientes;3
8812;45.0;7.0;48.0;3;2;2;322;11.5;Novos clientes;4
6616;47.0;16.0;461.0;3;4;4;344;14.0;Novos clientes;1
2797;34.0;26.0;1073.0;4;5;5;455;18.25;Campeões;3
4328;81.0;8.0;55.0;1;2;2;122;5.5;Hibernando;4
9167;72.0;26.0;976.0;2;5;5;255;12.25;Novos clientes;3
10560;23.0;5.0;20.0;4;1;1;411;13.25;Novos clientes;0
8312;80.0;6.0;43.0;1;1;1;111;4.25;Perdidos;0
5534;30.0;10.0;224.0;4;3;3;433;15.75;Campeões;1
5093;15.0;9.0;101.0;5;3;3;533;18.75;Campeões;4
7592;86.0;10.0;209.0;1;3;3;133;6.75;Não posso perdê-los;1
8895;68.0;21.0;968.0;2;5;5;255;12.25;Novos clientes;3
2694;44.0;5.0;24.0;3;1;1;311;10.25;Precisam de atenção;0
8910;7.0;16.0;252.0;5;4;4;544;20.0;Campeões;1
7433;87.0;12.0;165.0;1;3;3;133;6.75;Não posso perdê-los;1
164;59.0;13.0;269.0;2;4;4;244;11.0;Promissores;1
10477;16.0;7.0;102.0;5;2;3;523;18.0;Campeões;4
5150;64.0;7.0;47.0;2;2;2;222;8.5;Quase em risco;4
5283;72.0;10.0;144.0;2;3;3;233;9.75;Precisam de atenção;4
7261;8.0;17.0;318.0;5;4;4;544;20.0;Campeões;1
9648;20.0;14.0;253.0;4;4;4;444;17.0;Campeões;1
2870;6.0;20.0;502.0;5;5;4;554;20.75;Campeões;3
8008;54.0;7.0;119.0;3;2;3;323;12.0;Novos clientes;4
1419;11.0;9.0;76.0;5;3;2;532;18.25;Campeões;4
9150;21.0;7.0;62.0;4;2;2;422;14.5;Potencialmente fiéis;4
1250;82.0;7.0;84.0;1;2;3;123;6.0;Hibernando;4
9905;69.0;14.0;255.0;2;4;4;244;11.0;Promissores;1
10691;55.0;5.0;43.0;3;1;1;311;10.25;Precisam de atenção;0
7002;13.0;14.0;398.0;5;4;4;544;20.0;Campeões;1
2952;80.0;8.0;76.0;1;2;2;122;5.5;Hibernando;4
8439;97.0;15.0;902.0;1;4;5;145;8.5;Quase em risco;3
6289;85.0;10.0;185.0;1;3;3;133;6.75;Não posso perdê-los;1
8397;82.0;6.0;34.0;1;1;1;111;4.25;Perdidos;0
9284;21.0;27.0;907.0;4;5;5;455;18.25;Campeões;3
3130;95.0;10.0;44.0;1;3;2;132;6.25;Hibernando;4
1990;74.0;17.0;1797.0;2;4;5;245;11.5;Novos clientes;3
5513;49.0;6.0;40.0;3;1;1;311;10.25;Precisam de atenção;0
269;71.0;21.0;1143.0;2;5;5;255;12.25;Novos clientes;3
8093;72.0;14.0;914.0;2;4;5;245;11.5;Novos clientes;3
2549;80.0;5.0;27.0;1;1;1;111;4.25;Perdidos;0
5782;15.0;22.0;763.0;5;5;5;555;21.25;Campeões;3
10307;91.0;19.0;525.0;1;5;4;154;8.75;Quase em risco;3
8566;10.0;4.0;9.0;5;1;1;511;16.25;Campeões;0
2415;99.0;16.0;953.0;1;4;5;145;8.5;Quase em risco;3
5684;25.0;7.0;68.0;4;2;2;422;14.5;Potencialmente fiéis;4
8334;34.0;10.0;131.0;4;3;3;433;15.75;Campeões;4
78;51.0;5.0;37.0;3;1;1;311;10.25;Precisam de atenção;0
5441;97.0;15.0;388.0;1;4;4;144;8.0;Quase em risco;1
1087;30.0;10.0;173.0;4;3;3;433;15.75;Campeões;1
6859;30.0;9.0;99.0;4;3;3;433;15.75;Campeões;4
9860;11.0;12.0;215.0;5;3;3;533;18.75;Campeões;1
5866;39.0;12.0;219.0;4;3;3;433;15.75;Campeões;1
10521;0.0;12.0;174.0;5;3;3;533;18.75;Campeões;2
7393;15.0;9.0;92.0;5;3;3;533;18.75;Campeões;4
332;56.0;14.0;275.0;3;4;4;344;14.0;Novos clientes;1
9576;60.0;11.0;159.0;2;3;3;233;9.75;Precisam de atenção;1
7419;90.0;7.0;35.0;1;2;1;121;5.0;Hibernando;4
3170;86.0;15.0;1042.0;1;4;5;145;8.5;Quase em risco;3
8527;37.0;19.0;395.0;4;5;4;454;17.75;Campeões;3
10595;19.0;6.0;69.0;5;1;2;512;16.75;Campeões;4
4609;14.0;18.0;486.0;5;4;4;544;20.0;Campeões;3
5010;72.0;6.0;34.0;2;1;1;211;7.25;Em Risco;0
11148;85.0;4.0;13.0;1;1;1;111;4.25;Perdidos;0
10163;28.0;20.0;1323.0;4;5;5;455;18.25;Campeões;3
6710;84.0;7.0;103.0;1;2;3;123;6.0;Hibernando;4
5316;89.0;7.0;84.0;1;2;3;123;6.0;Hibernando;4
9029;73.0;23.0;1536.0;2;5;5;255;12.25;Novos clientes;3
521;42.0;18.0;581.0;3;4;5;345;14.5;Potencialmente fiéis;3
1459;16.0;14.0;928.0;5;4;5;545;20.5;Campeões;3
10241;16.0;4.0;14.0;5;1;1;511;16.25;Campeões;0
1630;56.0;15.0;424.0;3;4;4;344;14.0;Novos clientes;1
3254;65.0;14.0;960.0;2;4;5;245;11.5;Novos clientes;3
9064;10.0;20.0;1555.0;5;5;5;555;21.25;Campeões;3
4227;78.0;9.0;55.0;2;3;2;232;9.25;Precisam de atenção;4
9467;51.0;5.0;20.0;3;1;1;311;10.25;Precisam de atenção;0
8486;27.0;17.0;367.0;4;4;4;444;17.0;Campeões;1
3286;71.0;7.0;42.0;2;2;1;221;8.0;Quase em risco;4
3722;83.0;7.0;48.0;1;2;2;122;5.5;Hibernando;4
6715;3.0;25.0;685.0;5;5;5;555;21.25;Campeões;3
4796;71.0;5.0;39.0;2;1;1;211;7.25;Em Risco;0
9612;3.0;5.0;43.0;5;1;1;511;16.25;Campeões;0
1570;8.0;26.0;1039.0;5;5;5;555;21.25;Campeões;3
8341;22.0;6.0;34.0;4;1;1;411;13.25;Novos clientes;0
5180;56.0;10.0;149.0;3;3;3;333;12.75;Novos clientes;4
6461;74.0;23.0;946.0;2;5;5;255;12.25;Novos clientes;3
7679;48.0;6.0;28.0;3;1;1;311;10.25;Precisam de atenção;0
10702;67.0;17.0;450.0;2;4;4;244;11.0;Promissores;3
7505;24.0;5.0;46.0;4;1;2;412;13.75;Novos clientes;0
2961;86.0;15.0;382.0;1;4;4;144;8.0;Quase em risco;1
5790;62.0;7.0;72.0;2;2;2;222;8.5;Quase em risco;4
3578;29.0;12.0;236.0;4;3;4;434;16.25;Campeões;1
8462;52.0;5.0;80.0;3;1;3;313;11.25;Novos clientes;0
8780;71.0;18.0;507.0;2;4;4;244;11.0;Promissores;3
10789;13.0;7.0;68.0;5;2;2;522;17.5;Campeões;4
10779;16.0;5.0;49.0;5;1;2;512;16.75;Campeões;0
5896;94.0;15.0;397.0;1;4;4;144;8.0;Quase em risco;1
2337;77.0;9.0;39.0;2;3;1;231;8.75;Quase em risco;4
10951;20.0;14.0;306.0;4;4;4;444;17.0;Campeões;1
544;51.0;14.0;976.0;3;4;5;345;14.5;Potencialmente fiéis;3
10680;71.0;7.0;70.0;2;2;2;222;8.5;Quase em risco;4
3265;36.0;5.0;46.0;4;1;2;412;13.75;Novos clientes;0
5623;95.0;5.0;51.0;1;1;2;112;4.75;Hibernando;0
2326;15.0;6.0;85.0;5;1;3;513;17.25;Campeões;4
4385;82.0;8.0;47.0;1;2;2;122;5.5;Hibernando;4
2929;27.0;8.0;137.0;4;2;3;423;15.0;Fiéis;4
10686;72.0;4.0;21.0;2;1;1;211;7.25;Em Risco;0
2546;7.0;6.0;70.0;5;1;2;512;16.75;Campeões;4
3112;2.0;5.0;24.0;5;1;1;511;16.25;Campeões;0
1867;42.0;19.0;1336.0;3;5;5;355;15.25;Fiéis;3
1518;29.0;24.0;749.0;4;5;5;455;18.25;Campeões;3
5734;83.0;7.0;91.0;1;2;3;123;6.0;Hibernando;4
2878;93.0;15.0;414.0;1;4;4;144;8.0;Quase em risco;1
1458;40.0;9.0;44.0;3;3;2;332;12.25;Novos clientes;4
7007;47.0;8.0;63.0;3;2;2;322;11.5;Novos clientes;4
1403;40.0;6.0;38.0;3;1;1;311;10.25;Precisam de atenção;0
4827;3.0;20.0;455.0;5;5;4;554;20.75;Campeões;3
9291;25.0;4.0;15.0;4;1;1;411;13.25;Novos clientes;0
2478;48.0;6.0;38.0;3;1;1;311;10.25;Precisam de atenção;0
5138;68.0;5.0;43.0;2;1;1;211;7.25;Em Risco;0
5393;64.0;5.0;42.0;2;1;1;211;7.25;Em Risco;0
5015;94.0;9.0;162.0;1;3;3;133;6.75;Não posso perdê-los;4
2495;24.0;22.0;816.0;4;5;5;455;18.25;Campeões;3
7842;54.0;9.0;74.0;3;3;2;332;12.25;Novos clientes;4
9955;20.0;9.0;134.0;4;3;3;433;15.75;Campeões;4
6663;96.0;9.0;157.0;1;3;3;133;6.75;Não posso perdê-los;4
2162;19.0;18.0;561.0;5;4;4;544;20.0;Campeões;3
3434;60.0;19.0;1336.0;2;5;5;255;12.25;Novos clientes;3
5626;13.0;16.0;463.0;5;4;4;544;20.0;Campeões;1
8514;59.0;5.0;20.0;2;1;1;211;7.25;Em Risco;0
10448;55.0;18.0;377.0;3;4;4;344;14.0;Novos clientes;1
7530;48.0;10.0;138.0;3;3;3;333;12.75;Novos clientes;4
6355;19.0;9.0;45.0;5;3;2;532;18.25;Campeões;4
3517;32.0;10.0;161.0;4;3;3;433;15.75;Campeões;1
1158;27.0;8.0;144.0;4;2;3;423;15.0;Fiéis;4
7165;59.0;22.0;823.0;2;5;5;255;12.25;Novos clientes;3
3595;29.0;28.0;1138.0;4;5;5;455;18.25;Campeões;3
4331;41.0;21.0;1371.0;3;5;5;355;15.25;Fiéis;3
6281;27.0;16.0;982.0;4;4;5;445;17.5;Campeões;3
4338;28.0;5.0;44.0;4;1;2;412;13.75;Novos clientes;0
2452;8.0;17.0;318.0;5;4;4;544;20.0;Campeões;1
9507;18.0;16.0;434.0;5;4;4;544;20.0;Campeões;1
8360;76.0;12.0;198.0;2;3;3;233;9.75;Precisam de atenção;1
4867;2.0;11.0;88.0;5;3;3;533;18.75;Campeões;4
9289;16.0;6.0;63.0;5;1;2;512;16.75;Campeões;4
10913;56.0;4.0;27.0;3;1;1;311;10.25;Precisam de atenção;0
3032;97.0;11.0;193.0;1;3;3;133;6.75;Não posso perdê-los;1
8524;15.0;9.0;101.0;5;3;3;533;18.75;Campeões;4
4470;3.0;8.0;140.0;5;2;3;523;18.0;Campeões;4
8619;4.0;4.0;22.0;5;1;1;511;16.25;Campeões;0
10821;45.0;16.0;263.0;3;4;4;344;14.0;Novos clientes;1
4552;37.0;12.0;393.0;4;3;4;434;16.25;Campeões;1
898;39.0;10.0;147.0;4;3;3;433;15.75;Campeões;4
9797;38.0;16.0;443.0;4;4;4;444;17.0;Campeões;1
8212;89.0;10.0;174.0;1;3;3;133;6.75;Não posso perdê-los;1
4547;86.0;6.0;25.0;1;1;1;111;4.25;Perdidos;0
6815;4.0;21.0;809.0;5;5;5;555;21.25;Campeões;3
10841;46.0;18.0;484.0;3;4;4;344;14.0;Novos clientes;3
5370;38.0;18.0;413.0;4;4;4;444;17.0;Campeões;3
176;73.0;12.0;331.0;2;3;4;234;10.25;Precisam de atenção;1
4860;66.0;5.0;25.0;2;1;1;211;7.25;Em Risco;0
10757;36.0;4.0;13.0;4;1;1;411;13.25;Novos clientes;0
4023;29.0;10.0;115.0;4;3;3;433;15.75;Campeões;4
6679;29.0;4.0;16.0;4;1;1;411;13.25;Novos clientes;0
9923;6.0;9.0;92.0;5;3;3;533;18.75;Campeões;4
7181;97.0;7.0;52.0;1;2;2;122;5.5;Hibernando;4
405;68.0;17.0;441.0;2;4;4;244;11.0;Promissores;3
6870;73.0;12.0;283.0;2;3;4;234;10.25;Precisam de atenção;1
832;90.0;23.0;747.0;1;5;5;155;9.25;Precisam de atenção;3
3657;1.0;11.0;165.0;5;3;3;533;18.75;Campeões;1
4102;46.0;4.0;23.0;3;1;1;311;10.25;Precisam de atenção;0
7042;14.0;6.0;66.0;5;1;2;512;16.75;Campeões;4
10598;89.0;8.0;37.0;1;2;1;121;5.0;Hibernando;4
255;31.0;6.0;21.0;4;1;1;411;13.25;Novos clientes;0
2375;75.0;4.0;22.0;2;1;1;211;7.25;Em Risco;0
9829;42.0;9.0;78.0;3;3;2;332;12.25;Novos clientes;4
6214;53.0;6.0;79.0;3;1;3;313;11.25;Novos clientes;4
4954;53.0;17.0;265.0;3;4;4;344;14.0;Novos clientes;1
7861;23.0;19.0;1175.0;4;5;5;455;18.25;Campeões;3
9423;49.0;8.0;46.0;3;2;2;322;11.5;Novos clientes;4
4198;6.0;4.0;25.0;5;1;1;511;16.25;Campeões;0
153;29.0;5.0;46.0;4;1;2;412;13.75;Novos clientes;0
10001;98.0;10.0;100.0;1;3;3;133;6.75;Não posso perdê-los;4
3799;4.0;23.0;868.0;5;5;5;555;21.25;Campeões;3
8625;70.0;9.0;45.0;2;3;2;232;9.25;Precisam de atenção;4
983;82.0;12.0;414.0;1;3;4;134;7.25;Em Risco;1
9119;27.0;15.0;392.0;4;4;4;444;17.0;Campeões;1
5872;23.0;22.0;639.0;4;5;5;455;18.25;Campeões;3
6568;97.0;6.0;79.0;1;1;3;113;5.25;Hibernando;4
8416;19.0;7.0;44.0;5;2;2;522;17.5;Campeões;4
5454;80.0;6.0;50.0;1;1;2;112;4.75;Hibernando;0
5474;79.0;12.0;223.0;2;3;3;233;9.75;Precisam de atenção;1
4268;50.0;9.0;158.0;3;3;3;333;12.75;Novos clientes;4
10701;60.0;28.0;1211.0;2;5;5;255;12.25;Novos clientes;3
2079;0.0;22.0;1208.0;5;5;5;555;21.25;Campeões;2
626;28.0;5.0;43.0;4;1;1;411;13.25;Novos clientes;0
4426;35.0;21.0;527.0;4;5;4;454;17.75;Campeões;3
2591;49.0;15.0;932.0;3;4;5;345;14.5;Potencialmente fiéis;3
10509;46.0;8.0;71.0;3;2;2;322;11.5;Novos clientes;4
6382;97.0;5.0;54.0;1;1;2;112;4.75;Hibernando;0
6673;51.0;7.0;129.0;3;2;3;323;12.0;Novos clientes;4
8775;74.0;10.0;137.0;2;3;3;233;9.75;Precisam de atenção;4
2345;54.0;17.0;1244.0;3;4;5;345;14.5;Potencialmente fiéis;3
322;93.0;7.0;41.0;1;2;1;121;5.0;Hibernando;4
10897;63.0;32.0;1174.0;2;5;5;255;12.25;Novos clientes;3
6103;40.0;7.0;100.0;3;2;3;323;12.0;Novos clientes;4
10500;96.0;9.0;98.0;1;3;3;133;6.75;Não posso perdê-los;4
1655;81.0;5.0;48.0;1;1;2;112;4.75;Hibernando;0
2406;63.0;19.0;519.0;2;5;4;254;11.75;Novos clientes;3
5517;51.0;5.0;37.0;3;1;1;311;10.25;Precisam de atenção;0
10643;23.0;20.0;653.0;4;5;5;455;18.25;Campeões;3
10281;11.0;19.0;602.0;5;5;5;555;21.25;Campeões;3
6958;42.0;5.0;26.0;3;1;1;311;10.25;Precisam de atenção;0
954;77.0;7.0;102.0;2;2;3;223;9.0;Precisam de atenção;4
4643;40.0;9.0;176.0;3;3;3;333;12.75;Novos clientes;4
6497;32.0;17.0;433.0;4;4;4;444;17.0;Campeões;1
2802;61.0;18.0;961.0;2;4;5;245;11.5;Novos clientes;3
6507;16.0;8.0;56.0;5;2;2;522;17.5;Campeões;4
7901;39.0;4.0;22.0;4;1;1;411;13.25;Novos clientes;0
2686;49.0;4.0;26.0;3;1;1;311;10.25;Precisam de atenção;0
3107;31.0;13.0;350.0;4;4;4;444;17.0;Campeões;1
11031;90.0;5.0;40.0;1;1;1;111;4.25;Perdidos;0
975;25.0;15.0;264.0;4;4;4;444;17.0;Campeões;1
1055;40.0;5.0;45.0;3;1;2;312;10.75;Promissores;0
6544;63.0;27.0;976.0;2;5;5;255;12.25;Novos clientes;3
1241;1.0;6.0;51.0;5;1;2;512;16.75;Campeões;0
2909;89.0;20.0;1264.0;1;5;5;155;9.25;Precisam de atenção;3
5802;40.0;7.0;75.0;3;2;2;322;11.5;Novos clientes;4
1407;5.0;7.0;57.0;5;2;2;522;17.5;Campeões;4
6183;3.0;8.0;140.0;5;2;3;523;18.0;Campeões;4
340;1.0;19.0;497.0;5;5;4;554;20.75;Campeões;3
5991;24.0;13.0;266.0;4;4;4;444;17.0;Campeões;1
9729;48.0;23.0;615.0;3;5;5;355;15.25;Fiéis;3
11091;68.0;6.0;22.0;2;1;1;211;7.25;Em Risco;0
3969;46.0;7.0;133.0;3;2;3;323;12.0;Novos clientes;4
1916;92.0;19.0;437.0;1;5;4;154;8.75;Quase em risco;3
9907;80.0;26.0;1013.0;1;5;5;155;9.25;Precisam de atenção;3
87;16.0;7.0;57.0;5;2;2;522;17.5;Campeões;4
8659;50.0;27.0;1038.0;3;5;5;355;15.25;Fiéis;3
6147;51.0;4.0;28.0;3;1;1;311;10.25;Precisam de atenção;0
8832;24.0;9.0;123.0;4;3;3;433;15.75;Campeões;4
10067;79.0;4.0;13.0;2;1;1;211;7.25;Em Risco;0
7532;26.0;10.0;132.0;4;3;3;433;15.75;Campeões;4
2115;68.0;7.0;66.0;2;2;2;222;8.5;Quase em risco;4
2493;34.0;18.0;608.0;4;4;5;445;17.5;Campeões;3
1631;3.0;23.0;1282.0;5;5;5;555;21.25;Campeões;3
10104;65.0;4.0;8.0;2;1;1;211;7.25;Em Risco;0
3006;83.0;5.0;43.0;1;1;1;111;4.25;Perdidos;0
642;69.0;8.0;103.0;2;2;3;223;9.0;Precisam de atenção;4
10127;21.0;15.0;395.0;4;4;4;444;17.0;Campeões;1
271;30.0;15.0;258.0;4;4;4;444;17.0;Campeões;1
4973;39.0;5.0;25.0;4;1;1;411;13.25;Novos clientes;0
2948;76.0;10.0;185.0;2;3;3;233;9.75;Precisam de atenção;1
2715;11.0;11.0;180.0;5;3;3;533;18.75;Campeões;1
10432;26.0;5.0;22.0;4;1;1;411;13.25;Novos clientes;0
9216;34.0;7.0;44.0;4;2;2;422;14.5;Potencialmente fiéis;4
7124;72.0;12.0;94.0;2;3;3;233;9.75;Precisam de atenção;4
9727;13.0;7.0;81.0;5;2;3;523;18.0;Campeões;4
1818;23.0;5.0;38.0;4;1;1;411;13.25;Novos clientes;0
1100;33.0;11.0;61.0;4;3;2;432;15.25;Fiéis;4
7873;30.0;16.0;300.0;4;4;4;444;17.0;Campeões;1
10609;15.0;8.0;88.0;5;2;3;523;18.0;Campeões;4
6950;25.0;7.0;54.0;4;2;2;422;14.5;Potencialmente fiéis;4
9481;80.0;11.0;68.0;1;3;2;132;6.25;Hibernando;4
7699;30.0;15.0;258.0;4;4;4;444;17.0;Campeões;1
2711;6.0;5.0;31.0;5;1;1;511;16.25;Campeões;0
8933;16.0;8.0;66.0;5;2;2;522;17.5;Campeões;4
8726;57.0;13.0;174.0;3;4;3;343;13.5;Novos clientes;1
1515;9.0;5.0;28.0;5;1;1;511;16.25;Campeões;0
5186;59.0;22.0;731.0;2;5;5;255;12.25;Novos clientes;3
10157;78.0;12.0;274.0;2;3;4;234;10.25;Precisam de atenção;1
902;74.0;13.0;312.0;2;4;4;244;11.0;Promissores;1
977;10.0;20.0;414.0;5;5;4;554;20.75;Campeões;3
7313;63.0;23.0;1565.0;2;5;5;255;12.25;Novos clientes;3
7600;13.0;6.0;29.0;5;1;1;511;16.25;Campeões;0
9706;98.0;8.0;94.0;1;2;3;123;6.0;Hibernando;4
4548;66.0;5.0;54.0;2;1;2;212;7.75;Quase em risco;0
9362;14.0;18.0;568.0;5;4;5;545;20.5;Campeões;3
2829;25.0;22.0;731.0;4;5;5;455;18.25;Campeões;3
492;3.0;19.0;424.0;5;5;4;554;20.75;Campeões;3
4541;84.0;12.0;257.0;1;3;4;134;7.25;Em Risco;1
1321;49.0;9.0;56.0;3;3;2;332;12.25;Novos clientes;4
8858;69.0;21.0;542.0;2;5;4;254;11.75;Novos clientes;3
3266;96.0;7.0;125.0;1;2;3;123;6.0;Hibernando;4
11187;23.0;9.0;69.0;4;3;2;432;15.25;Fiéis;4
8207;18.0;5.0;40.0;5;1;1;511;16.25;Campeões;0
2666;21.0;23.0;907.0;4;5;5;455;18.25;Campeões;3
1646;36.0;7.0;46.0;4;2;2;422;14.5;Potencialmente fiéis;4
2656;63.0;5.0;59.0;2;1;2;212;7.75;Quase em risco;0
7990;2.0;4.0;17.0;5;1;1;511;16.25;Campeões;0
2980;52.0;10.0;35.0;3;3;1;331;11.75;Novos clientes;4
1839;25.0;8.0;141.0;4;2;3;423;15.0;Fiéis;4
10722;63.0;17.0;546.0;2;4;4;244;11.0;Promissores;3
9014;65.0;10.0;61.0;2;3;2;232;9.25;Precisam de atenção;4
7620;71.0;8.0;106.0;2;2;3;223;9.0;Precisam de atenção;4
10968;0.0;26.0;704.0;5;5;5;555;21.25;Campeões;2
11133;3.0;19.0;424.0;5;5;4;554;20.75;Campeões;3
1876;15.0;6.0;85.0;5;1;3;513;17.25;Campeões;4
5959;80.0;15.0;199.0;1;4;3;143;7.5;Quase em risco;1
4333;76.0;10.0;54.0;2;3;2;232;9.25;Precisam de atenção;4
3850;52.0;5.0;43.0;3;1;1;311;10.25;Precisam de atenção;0
6168;28.0;6.0;53.0;4;1;2;412;13.75;Novos clientes;4
607;31.0;22.0;521.0;4;5;4;454;17.75;Campeões;3
6983;24.0;7.0;45.0;4;2;2;422;14.5;Potencialmente fiéis;4
692;88.0;4.0;16.0;1;1;1;111;4.25;Perdidos;0
736;67.0;7.0;52.0;2;2;2;222;8.5;Quase em risco;4
4838;40.0;4.0;15.0;3;1;1;311;10.25;Precisam de atenção;0
9246;73.0;17.0;415.0;2;4;4;244;11.0;Promissores;1
6261;81.0;18.0;470.0;1;4;4;144;8.0;Quase em risco;3
7366;12.0;21.0;1438.0;5;5;5;555;21.25;Campeões;3
10659;7.0;11.0;53.0;5;3;2;532;18.25;Campeões;4
1448;33.0;9.0;51.0;4;3;2;432;15.25;Fiéis;4
4286;24.0;22.0;679.0;4;5;5;455;18.25;Campeões;3
4749;55.0;22.0;586.0;3;5;5;355;15.25;Fiéis;3
4201;39.0;19.0;468.0;4;5;4;454;17.75;Campeões;3
10084;9.0;7.0;50.0;5;2;2;522;17.5;Campeões;4
7004;82.0;9.0;84.0;1;3;3;133;6.75;Não posso perdê-los;4
9817;71.0;27.0;1049.0;2;5;5;255;12.25;Novos clientes;3
8080;50.0;4.0;22.0;3;1;1;311;10.25;Precisam de atenção;0
8372;81.0;4.0;30.0;1;1;1;111;4.25;Perdidos;0
8235;8.0;23.0;843.0;5;5;5;555;21.25;Campeões;3
9405;40.0;11.0;172.0;3;3;3;333;12.75;Novos clientes;1
