ID;Recency;Frequency;Monetary;R;F;M;RFM_Concat;RFM_Score;RFM_Segment
2174;38.0;6.0;27.0;4;1;1;411;5.0;Potencialmente fiéis
4141;26.0;21.0;776.0;4;5;5;455;9.0;Campeões
6182;26.0;8.0;53.0;4;2;2;422;6.0;Potencialmente fiéis
5324;94.0;19.0;422.0;1;5;4;154;5.5;Em Risco
7446;16.0;22.0;716.0;5;5;5;555;10.0;Campeões
965;34.0;21.0;590.0;4;5;5;455;9.0;Campeões
6177;32.0;10.0;169.0;4;3;3;433;7.0;Fiéis
4855;19.0;6.0;46.0;5;1;2;512;6.5;Potencialmente fiéis
387;59.0;6.0;61.0;2;1;2;212;3.5;Quase em risco
8180;53.0;15.0;310.0;3;4;4;344;7.0;Fiéis
2569;38.0;5.0;46.0;4;1;2;412;5.5;Potencialmente fiéis
9736;51.0;9.0;96.0;3;3;3;333;6.0;Fiéis
2278;86.0;8.0;133.0;1;2;3;123;3.5;Em Risco
9360;41.0;12.0;316.0;3;3;4;334;6.5;Fiéis
1993;63.0;17.0;972.0;2;4;5;245;6.5;Fiéis
4047;0.0;20.0;544.0;5;5;4;554;9.5;Campeões
7892;89.0;8.0;75.0;1;2;2;122;3.0;Em Risco
2404;4.0;14.0;257.0;5;4;4;544;9.0;Campeões
9422;26.0;9.0;131.0;4;3;3;433;7.0;Fiéis
6864;34.0;8.0;30.0;4;2;1;421;5.5;Potencialmente fiéis
3033;56.0;11.0;318.0;3;3;4;334;6.5;Fiéis
5710;31.0;9.0;120.0;4;3;3;433;7.0;Fiéis
7373;8.0;17.0;302.0;5;4;4;544;9.0;Campeões
8755;4.0;18.0;1196.0;5;4;5;545;9.5;Campeões
10738;55.0;6.0;65.0;3;1;2;312;4.5;Potencialmente fiéis
4339;37.0;28.0;913.0;4;5;5;455;9.0;Campeões
10755;76.0;9.0;81.0;2;3;3;233;5.0;Fiéis
8595;99.0;7.0;67.0;1;2;2;122;3.0;Em Risco
503;88.0;7.0;53.0;1;2;2;122;3.0;Em Risco
8430;4.0;4.0;22.0;5;1;1;511;6.0;Potencialmente fiéis
2139;19.0;8.0;31.0;5;2;1;521;6.5;Potencialmente fiéis
9909;24.0;10.0;122.0;4;3;3;433;7.0;Fiéis
7286;92.0;5.0;55.0;1;1;2;112;2.5;Hibernando
8614;29.0;17.0;507.0;4;4;4;444;8.0;Campeões
1331;54.0;7.0;72.0;3;2;2;322;5.0;Potencialmente fiéis
7437;31.0;6.0;29.0;4;1;1;411;5.0;Potencialmente fiéis
8375;63.0;19.0;518.0;2;5;4;254;6.5;Fiéis
6853;12.0;21.0;1438.0;5;5;5;555;10.0;Campeões
3076;18.0;22.0;612.0;5;5;5;555;10.0;Campeões
6518;8.0;19.0;606.0;5;5;5;555;10.0;Campeões
8082;75.0;5.0;34.0;2;1;1;211;3.0;Quase em risco
1386;0.0;4.0;11.0;5;1;1;511;6.0;Potencialmente fiéis
4477;4.0;18.0;653.0;5;4;5;545;9.5;Campeões
8132;88.0;24.0;661.0;1;5;5;155;6.0;Em Risco
1050;58.0;8.0;65.0;3;2;2;322;5.0;Potencialmente fiéis
5846;68.0;4.0;13.0;2;1;1;211;3.0;Quase em risco
10401;12.0;4.0;18.0;5;1;1;511;6.0;Potencialmente fiéis
3332;87.0;12.0;165.0;1;3;3;133;4.0;Em Risco
2261;5.0;4.0;16.0;5;1;1;511;6.0;Potencialmente fiéis
5346;87.0;9.0;79.0;1;3;3;133;4.0;Em Risco
4119;56.0;11.0;318.0;3;3;4;334;6.5;Fiéis
5268;95.0;7.0;56.0;1;2;2;122;3.0;Em Risco
273;48.0;13.0;151.0;3;4;3;343;6.5;Fiéis
4452;3.0;17.0;372.0;5;4;4;544;9.0;Campeões
771;79.0;10.0;194.0;2;3;3;233;5.0;Fiéis
11178;69.0;5.0;32.0;2;1;1;211;3.0;Quase em risco
2230;84.0;10.0;43.0;1;3;1;131;3.0;Perdidos
7516;30.0;6.0;45.0;4;1;2;412;5.5;Potencialmente fiéis
7247;72.0;22.0;606.0;2;5;5;255;7.0;Fiéis
11100;37.0;7.0;63.0;4;2;2;422;6.0;Potencialmente fiéis
3037;32.0;16.0;410.0;4;4;4;444;8.0;Campeões
1473;0.0;7.0;72.0;5;2;2;522;7.0;Potencialmente fiéis
1016;43.0;7.0;55.0;3;2;2;322;5.0;Potencialmente fiéis
9370;68.0;16.0;1120.0;2;4;5;245;6.5;Fiéis
8373;94.0;5.0;29.0;1;1;1;111;2.0;Hibernando
7533;15.0;13.0;187.0;5;4;3;543;8.5;Fiéis
3629;17.0;9.0;145.0;5;3;3;533;8.0;Fiéis
3267;27.0;20.0;608.0;4;5;5;455;9.0;Campeões
999;95.0;25.0;730.0;1;5;5;155;6.0;Em Risco
9215;19.0;21.0;551.0;5;5;4;554;9.5;Campeões
2286;27.0;8.0;114.0;4;2;3;423;6.5;Potencialmente fiéis
367;74.0;20.0;577.0;2;5;5;255;7.0;Fiéis
5234;85.0;7.0;81.0;1;2;3;123;3.5;Em Risco
9862;37.0;7.0;33.0;4;2;1;421;5.5;Potencialmente fiéis
9805;65.0;22.0;660.0;2;5;5;255;7.0;Fiéis
6205;13.0;9.0;80.0;5;3;3;533;8.0;Fiéis
8442;63.0;6.0;30.0;2;1;1;211;3.0;Quase em risco
7386;83.0;5.0;43.0;1;1;1;111;2.0;Hibernando
3381;51.0;8.0;90.0;3;2;3;323;5.5;Potencialmente fiéis
11051;72.0;23.0;661.0;2;5;5;255;7.0;Fiéis
8026;10.0;19.0;463.0;5;5;4;554;9.5;Campeões
5290;51.0;16.0;279.0;3;4;4;344;7.0;Fiéis
5342;31.0;6.0;29.0;4;1;1;411;5.0;Potencialmente fiéis
9579;61.0;9.0;106.0;2;3;3;233;5.0;Fiéis
7660;37.0;6.0;49.0;4;1;2;412;5.5;Potencialmente fiéis
1461;74.0;7.0;38.0;2;2;1;221;3.5;Quase em risco
11084;4.0;17.0;1053.0;5;4;5;545;9.5;Campeões
2937;47.0;25.0;871.0;3;5;5;355;8.0;Fiéis
9701;13.0;12.0;312.0;5;3;4;534;8.5;Fiéis
9949;36.0;15.0;877.0;4;4;5;445;8.5;Campeões
10837;47.0;6.0;68.0;3;1;2;312;4.5;Potencialmente fiéis
3120;49.0;4.0;22.0;3;1;1;311;4.0;Potencialmente fiéis
4050;65.0;8.0;127.0;2;2;3;223;4.5;Precisam de atenção
3830;59.0;16.0;459.0;2;4;4;244;6.0;Fiéis
7987;96.0;19.0;460.0;1;5;4;154;5.5;Em Risco
7798;28.0;17.0;429.0;4;4;4;444;8.0;Campeões
92;12.0;11.0;89.0;5;3;3;533;8.0;Fiéis
7055;57.0;26.0;1021.0;3;5;5;355;8.0;Fiéis
3025;4.0;15.0;306.0;5;4;4;544;9.0;Campeões
9283;49.0;4.0;18.0;3;1;1;311;4.0;Potencialmente fiéis
9970;3.0;9.0;162.0;5;3;3;533;8.0;Fiéis
2795;0.0;4.0;13.0;5;1;1;511;6.0;Potencialmente fiéis
8182;91.0;11.0;121.0;1;3;3;133;4.0;Em Risco
4370;83.0;9.0;88.0;1;3;3;133;4.0;Em Risco
10573;27.0;18.0;421.0;4;4;4;444;8.0;Campeões
3712;63.0;12.0;259.0;2;3;4;234;5.5;Fiéis
3152;84.0;9.0;89.0;1;3;3;133;4.0;Em Risco
5610;58.0;6.0;36.0;3;1;1;311;4.0;Potencialmente fiéis
6460;78.0;7.0;57.0;2;2;2;222;4.0;Precisam de atenção
1349;4.0;8.0;148.0;5;2;3;523;7.5;Potencialmente fiéis
1880;17.0;8.0;93.0;5;2;3;523;7.5;Potencialmente fiéis
641;77.0;7.0;119.0;2;2;3;223;4.5;Precisam de atenção
10854;90.0;7.0;45.0;1;2;2;122;3.0;Em Risco
10492;96.0;4.0;10.0;1;1;1;111;2.0;Hibernando
7698;81.0;10.0;191.0;1;3;3;133;4.0;Em Risco
3559;77.0;9.0;57.0;2;3;2;232;4.5;Precisam de atenção
10796;16.0;6.0;66.0;5;1;2;512;6.5;Potencialmente fiéis
2563;80.0;6.0;43.0;1;1;1;111;2.0;Hibernando
3518;45.0;5.0;50.0;3;1;2;312;4.5;Potencialmente fiéis
5823;63.0;7.0;39.0;2;2;1;221;3.5;Quase em risco
3934;34.0;18.0;608.0;4;4;5;445;8.5;Campeões
6431;13.0;7.0;68.0;5;2;2;522;7.0;Potencialmente fiéis
9733;52.0;5.0;80.0;3;1;3;313;5.0;Potencialmente fiéis
1324;93.0;8.0;91.0;1;2;3;123;3.5;Em Risco
326;38.0;16.0;315.0;4;4;4;444;8.0;Campeões
7224;24.0;6.0;31.0;4;1;1;411;5.0;Potencialmente fiéis
6999;80.0;23.0;834.0;1;5;5;155;6.0;Em Risco
3182;81.0;15.0;263.0;1;4;4;144;5.0;Em Risco
7300;50.0;19.0;535.0;3;5;4;354;7.5;Fiéis
1030;72.0;6.0;38.0;2;1;1;211;3.0;Quase em risco
624;5.0;4.0;35.0;5;1;1;511;6.0;Potencialmente fiéis
5176;88.0;5.0;53.0;1;1;2;112;2.5;Hibernando
5552;50.0;17.0;293.0;3;4;4;344;7.0;Fiéis
868;99.0;6.0;65.0;1;1;2;112;2.5;Hibernando
2677;11.0;15.0;241.0;5;4;4;544;9.0;Campeões
6521;18.0;20.0;1101.0;5;5;5;555;10.0;Campeões
1584;79.0;20.0;482.0;2;5;4;254;6.5;Fiéis
7264;2.0;4.0;17.0;5;1;1;511;6.0;Potencialmente fiéis
1377;24.0;12.0;285.0;4;3;4;434;7.5;Fiéis
1755;93.0;7.0;114.0;1;2;3;123;3.5;Em Risco
2075;56.0;16.0;1047.0;3;4;5;345;7.5;Fiéis
4785;3.0;22.0;714.0;5;5;5;555;10.0;Campeões
9076;44.0;13.0;185.0;3;4;3;343;6.5;Fiéis
7079;38.0;32.0;1245.0;4;5;5;455;9.0;Campeões
4653;46.0;12.0;189.0;3;3;3;333;6.0;Fiéis
709;27.0;18.0;1103.0;4;4;5;445;8.5;Campeões
3726;66.0;4.0;17.0;2;1;1;211;3.0;Quase em risco
1606;65.0;4.0;22.0;2;1;1;211;3.0;Quase em risco
9617;37.0;5.0;19.0;4;1;1;411;5.0;Potencialmente fiéis
3233;89.0;29.0;1117.0;1;5;5;155;6.0;Em Risco
89;49.0;8.0;69.0;3;2;2;322;5.0;Potencialmente fiéis
2936;46.0;5.0;23.0;3;1;1;311;4.0;Potencialmente fiéis
9449;32.0;19.0;605.0;4;5;5;455;9.0;Campeões
7297;54.0;11.0;57.0;3;3;2;332;5.5;Potencialmente fiéis
10735;75.0;5.0;26.0;2;1;1;211;3.0;Quase em risco
7411;31.0;6.0;17.0;4;1;1;411;5.0;Potencialmente fiéis
9265;74.0;21.0;1390.0;2;5;5;255;7.0;Fiéis
10236;59.0;7.0;64.0;2;2;2;222;4.0;Precisam de atenção
6340;52.0;6.0;26.0;3;1;1;311;4.0;Potencialmente fiéis
2227;92.0;11.0;210.0;1;3;3;133;4.0;Em Risco
10992;77.0;26.0;1148.0;2;5;5;255;7.0;Fiéis
5304;35.0;6.0;33.0;4;1;1;411;5.0;Potencialmente fiéis
309;48.0;19.0;1101.0;3;5;5;355;8.0;Fiéis
3406;97.0;16.0;322.0;1;4;4;144;5.0;Em Risco
2661;95.0;10.0;44.0;1;3;2;132;3.5;Em Risco
3153;24.0;4.0;17.0;4;1;1;411;5.0;Potencialmente fiéis
10264;60.0;6.0;31.0;2;1;1;211;3.0;Quase em risco
4200;85.0;15.0;275.0;1;4;4;144;5.0;Em Risco
9396;31.0;4.0;25.0;4;1;1;411;5.0;Potencialmente fiéis
2387;9.0;17.0;275.0;5;4;4;544;9.0;Campeões
6690;30.0;11.0;90.0;4;3;3;433;7.0;Fiéis
9703;70.0;11.0;184.0;2;3;3;233;5.0;Fiéis
4557;11.0;8.0;67.0;5;2;2;522;7.0;Potencialmente fiéis
2379;31.0;14.0;1635.0;4;4;5;445;8.5;Campeões
5726;15.0;10.0;60.0;5;3;2;532;7.5;Potencialmente fiéis
3066;2.0;12.0;231.0;5;3;4;534;8.5;Fiéis
6336;55.0;10.0;48.0;3;3;2;332;5.5;Potencialmente fiéis
10967;38.0;9.0;99.0;4;3;3;433;7.0;Fiéis
2304;86.0;23.0;770.0;1;5;5;155;6.0;Em Risco
4391;64.0;22.0;908.0;2;5;5;255;7.0;Fiéis
4669;46.0;10.0;102.0;3;3;3;333;6.0;Fiéis
1672;74.0;15.0;461.0;2;4;4;244;6.0;Fiéis
8962;18.0;7.0;37.0;5;2;1;521;6.5;Potencialmente fiéis
9974;75.0;7.0;70.0;2;2;2;222;4.0;Precisam de atenção
4697;62.0;16.0;390.0;2;4;4;244;6.0;Fiéis
9262;11.0;5.0;52.0;5;1;2;512;6.5;Potencialmente fiéis
7254;74.0;10.0;137.0;2;3;3;233;5.0;Fiéis
4927;76.0;9.0;68.0;2;3;2;232;4.5;Precisam de atenção
10451;6.0;4.0;25.0;5;1;1;511;6.0;Potencialmente fiéis
2874;20.0;5.0;32.0;4;1;1;411;5.0;Potencialmente fiéis
9738;43.0;7.0;100.0;3;2;3;323;5.5;Potencialmente fiéis
7119;45.0;12.0;825.0;3;3;5;335;7.0;Fiéis
3924;34.0;28.0;916.0;4;5;5;455;9.0;Campeões
5827;53.0;11.0;62.0;3;3;2;332;5.5;Potencialmente fiéis
5596;44.0;21.0;728.0;3;5;5;355;8.0;Fiéis
10812;89.0;7.0;90.0;1;2;3;123;3.5;Em Risco
1717;43.0;13.0;273.0;3;4;4;344;7.0;Fiéis
9491;68.0;10.0;66.0;2;3;2;232;4.5;Precisam de atenção
6609;64.0;7.0;107.0;2;2;3;223;4.5;Precisam de atenção
6963;85.0;18.0;1157.0;1;4;5;145;5.5;Em Risco
4440;93.0;18.0;546.0;1;4;4;144;5.0;Em Risco
1379;12.0;11.0;241.0;5;3;4;534;8.5;Fiéis
10032;86.0;11.0;53.0;1;3;2;132;3.5;Em Risco
2826;28.0;7.0;37.0;4;2;1;421;5.5;Potencialmente fiéis
6320;42.0;23.0;1508.0;3;5;5;355;8.0;Fiéis
3050;13.0;16.0;235.0;5;4;4;544;9.0;Campeões
231;86.0;7.0;32.0;1;2;1;121;2.5;Hibernando
2392;59.0;8.0;102.0;2;2;3;223;4.5;Precisam de atenção
9478;30.0;15.0;401.0;4;4;4;444;8.0;Campeões
113;33.0;6.0;28.0;4;1;1;411;5.0;Potencialmente fiéis
1802;23.0;21.0;680.0;4;5;5;455;9.0;Campeões
520;81.0;4.0;30.0;1;1;1;111;2.0;Hibernando
8275;6.0;4.0;20.0;5;1;1;511;6.0;Potencialmente fiéis
2607;78.0;24.0;630.0;2;5;5;255;7.0;Fiéis
7214;49.0;18.0;1283.0;3;4;5;345;7.5;Fiéis
5835;39.0;9.0;65.0;4;3;2;432;6.5;Potencialmente fiéis
3896;3.0;5.0;37.0;5;1;1;511;6.0;Potencialmente fiéis
10350;37.0;5.0;38.0;4;1;1;411;5.0;Potencialmente fiéis
7786;22.0;12.0;160.0;4;3;3;433;7.0;Fiéis
2861;79.0;4.0;23.0;2;1;1;211;3.0;Quase em risco
663;46.0;6.0;71.0;3;1;2;312;4.5;Potencialmente fiéis
10675;82.0;19.0;1161.0;1;5;5;155;6.0;Em Risco
2521;10.0;5.0;59.0;5;1;2;512;6.5;Potencialmente fiéis
9592;51.0;7.0;33.0;3;2;1;321;4.5;Potencialmente fiéis
4099;14.0;5.0;62.0;5;1;2;512;6.5;Potencialmente fiéis
9560;18.0;22.0;1674.0;5;5;5;555;10.0;Campeões
11191;11.0;8.0;139.0;5;2;3;523;7.5;Potencialmente fiéis
6245;71.0;18.0;507.0;2;4;4;244;6.0;Fiéis
8234;13.0;4.0;18.0;5;1;1;511;6.0;Potencialmente fiéis
8553;65.0;6.0;42.0;2;1;1;211;3.0;Quase em risco
8842;33.0;8.0;44.0;4;2;2;422;6.0;Potencialmente fiéis
11030;90.0;4.0;16.0;1;1;1;111;2.0;Hibernando
2579;95.0;26.0;835.0;1;5;5;155;6.0;Em Risco
175;93.0;22.0;1443.0;1;5;5;155;6.0;Em Risco
9185;38.0;18.0;1029.0;4;4;5;445;8.5;Campeões
11056;18.0;18.0;1188.0;5;4;5;545;9.5;Campeões
6201;45.0;7.0;49.0;3;2;2;322;5.0;Potencialmente fiéis
2061;61.0;7.0;99.0;2;2;3;223;4.5;Precisam de atenção
6142;65.0;14.0;900.0;2;4;5;245;6.5;Fiéis
4107;52.0;16.0;425.0;3;4;4;344;7.0;Fiéis
9336;38.0;21.0;636.0;4;5;5;455;9.0;Campeões
2958;53.0;10.0;57.0;3;3;2;332;5.5;Potencialmente fiéis
933;31.0;4.0;25.0;4;1;1;411;5.0;Potencialmente fiéis
10704;65.0;19.0;693.0;2;5;5;255;7.0;Fiéis
4432;82.0;7.0;51.0;1;2;2;122;3.0;Em Risco
2928;63.0;16.0;990.0;2;4;5;245;6.5;Fiéis
5680;66.0;5.0;30.0;2;1;1;211;3.0;Quase em risco
10313;69.0;16.0;254.0;2;4;4;244;6.0;Fiéis
2557;52.0;5.0;29.0;3;1;1;311;4.0;Potencialmente fiéis
1245;45.0;23.0;1371.0;3;5;5;355;8.0;Fiéis
1519;2.0;9.0;73.0;5;3;2;532;7.5;Potencialmente fiéis
10703;86.0;11.0;120.0;1;3;3;133;4.0;Em Risco
1726;23.0;5.0;81.0;4;1;3;413;6.0;Potencialmente fiéis
4459;13.0;5.0;37.0;5;1;1;511;6.0;Potencialmente fiéis
1517;92.0;5.0;51.0;1;1;2;112;2.5;Hibernando
2098;38.0;4.0;17.0;4;1;1;411;5.0;Potencialmente fiéis
9543;74.0;4.0;22.0;2;1;1;211;3.0;Quase em risco
6878;14.0;14.0;324.0;5;4;4;544;9.0;Campeões
2724;33.0;4.0;19.0;4;1;1;411;5.0;Potencialmente fiéis
948;32.0;8.0;41.0;4;2;1;421;5.5;Potencialmente fiéis
6720;11.0;17.0;492.0;5;4;4;544;9.0;Campeões
2066;56.0;7.0;114.0;3;2;3;323;5.5;Potencialmente fiéis
9799;57.0;19.0;1173.0;3;5;5;355;8.0;Fiéis
5642;0.0;12.0;222.0;5;3;3;533;8.0;Fiéis
455;86.0;10.0;209.0;1;3;3;133;4.0;Em Risco
7683;80.0;23.0;787.0;1;5;5;155;6.0;Em Risco
7414;18.0;12.0;186.0;5;3;3;533;8.0;Fiéis
6354;51.0;6.0;47.0;3;1;2;312;4.5;Potencialmente fiéis
798;71.0;5.0;27.0;2;1;1;211;3.0;Quase em risco
8213;71.0;11.0;96.0;2;3;3;233;5.0;Fiéis
2488;80.0;10.0;64.0;1;3;2;132;3.5;Em Risco
9999;2.0;23.0;1040.0;5;5;5;555;10.0;Campeões
7617;83.0;13.0;163.0;1;4;3;143;4.5;Em Risco
615;29.0;11.0;343.0;4;3;4;434;7.5;Fiéis
194;55.0;5.0;41.0;3;1;1;311;4.0;Potencialmente fiéis
3645;19.0;9.0;70.0;5;3;2;532;7.5;Potencialmente fiéis
8890;1.0;14.0;272.0;5;4;4;544;9.0;Campeões
5049;19.0;6.0;46.0;5;1;2;512;6.5;Potencialmente fiéis
9973;28.0;19.0;490.0;4;5;4;454;8.5;Campeões
7301;76.0;8.0;79.0;2;2;3;223;4.5;Precisam de atenção
7422;90.0;16.0;369.0;1;4;4;144;5.0;Em Risco
3523;83.0;19.0;1073.0;1;5;5;155;6.0;Em Risco
6504;24.0;9.0;78.0;4;3;2;432;6.5;Potencialmente fiéis
5067;11.0;21.0;1378.0;5;5;5;555;10.0;Campeões
5929;14.0;7.0;48.0;5;2;2;522;7.0;Potencialmente fiéis
3129;30.0;6.0;45.0;4;1;2;412;5.5;Potencialmente fiéis
6528;75.0;4.0;10.0;2;1;1;211;3.0;Quase em risco
7284;8.0;4.0;20.0;5;1;1;511;6.0;Potencialmente fiéis
8746;28.0;19.0;1188.0;4;5;5;455;9.0;Campeões
5987;52.0;7.0;43.0;3;2;1;321;4.5;Potencialmente fiéis
498;28.0;7.0;57.0;4;2;2;422;6.0;Potencialmente fiéis
9347;49.0;5.0;46.0;3;1;2;312;4.5;Potencialmente fiéis
9699;12.0;23.0;733.0;5;5;5;555;10.0;Campeões
10664;14.0;17.0;467.0;5;4;4;544;9.0;Campeões
5455;89.0;10.0;122.0;1;3;3;133;4.0;Em Risco
456;96.0;7.0;36.0;1;2;1;121;2.5;Hibernando
5012;56.0;5.0;34.0;3;1;1;311;4.0;Potencialmente fiéis
7495;72.0;10.0;156.0;2;3;3;233;5.0;Fiéis
5029;14.0;4.0;14.0;5;1;1;511;6.0;Potencialmente fiéis
10642;13.0;5.0;37.0;5;1;1;511;6.0;Potencialmente fiéis
2106;99.0;5.0;34.0;1;1;1;111;2.0;Hibernando
10364;72.0;4.0;20.0;2;1;1;211;3.0;Quase em risco
5954;92.0;11.0;192.0;1;3;3;133;4.0;Em Risco
2541;7.0;7.0;48.0;5;2;2;522;7.0;Potencialmente fiéis
1142;91.0;16.0;428.0;1;4;4;144;5.0;Em Risco
2276;71.0;27.0;868.0;2;5;5;255;7.0;Fiéis
6471;17.0;7.0;59.0;5;2;2;522;7.0;Potencialmente fiéis
6131;87.0;16.0;431.0;1;4;4;144;5.0;Em Risco
6233;21.0;27.0;971.0;4;5;5;455;9.0;Campeões
3225;71.0;14.0;265.0;2;4;4;244;6.0;Fiéis
7540;52.0;13.0;270.0;3;4;4;344;7.0;Fiéis
1992;2.0;16.0;893.0;5;4;5;545;9.5;Campeões
8594;25.0;9.0;135.0;4;3;3;433;7.0;Fiéis
2815;46.0;9.0;120.0;3;3;3;333;6.0;Fiéis
2416;83.0;20.0;1288.0;1;5;5;155;6.0;Em Risco
9213;13.0;4.0;15.0;5;1;1;511;6.0;Potencialmente fiéis
9697;86.0;20.0;542.0;1;5;4;154;5.5;Em Risco
3916;92.0;25.0;890.0;1;5;5;155;6.0;Em Risco
1581;18.0;4.0;17.0;5;1;1;511;6.0;Potencialmente fiéis
6619;91.0;6.0;44.0;1;1;2;112;2.5;Hibernando
9081;58.0;5.0;25.0;3;1;1;311;4.0;Potencialmente fiéis
178;40.0;26.0;973.0;3;5;5;355;8.0;Fiéis
916;67.0;6.0;31.0;2;1;1;211;3.0;Quase em risco
5512;19.0;17.0;518.0;5;4;4;544;9.0;Campeões
8970;93.0;19.0;530.0;1;5;4;154;5.5;Em Risco
5300;60.0;6.0;70.0;2;1;2;212;3.5;Quase em risco
5154;54.0;6.0;54.0;3;1;2;312;4.5;Potencialmente fiéis
8346;26.0;12.0;296.0;4;3;4;434;7.5;Fiéis
1676;30.0;15.0;266.0;4;4;4;444;8.0;Campeões
5172;4.0;17.0;1053.0;5;4;5;545;9.5;Campeões
5562;92.0;21.0;735.0;1;5;5;155;6.0;Em Risco
3436;24.0;5.0;20.0;4;1;1;411;5.0;Potencialmente fiéis
3921;96.0;10.0;205.0;1;3;3;133;4.0;Em Risco
22;99.0;14.0;309.0;1;4;4;144;5.0;Em Risco
9426;77.0;15.0;900.0;2;4;5;245;6.5;Fiéis
6605;85.0;20.0;682.0;1;5;5;155;6.0;Em Risco
3136;88.0;22.0;663.0;1;5;5;155;6.0;Em Risco
8737;22.0;6.0;43.0;4;1;1;411;5.0;Potencialmente fiéis
716;63.0;27.0;976.0;2;5;5;255;7.0;Fiéis
9135;92.0;6.0;64.0;1;1;2;112;2.5;Hibernando
10623;2.0;5.0;32.0;5;1;1;511;6.0;Potencialmente fiéis
8151;6.0;9.0;263.0;5;3;4;534;8.5;Fiéis
10160;49.0;5.0;46.0;3;1;2;312;4.5;Potencialmente fiéis
6071;77.0;22.0;1157.0;2;5;5;255;7.0;Fiéis
3386;71.0;8.0;137.0;2;2;3;223;4.5;Precisam de atenção
9925;97.0;12.0;216.0;1;3;3;133;4.0;Em Risco
4320;6.0;23.0;943.0;5;5;5;555;10.0;Campeões
5389;93.0;16.0;347.0;1;4;4;144;5.0;Em Risco
182;62.0;17.0;397.0;2;4;4;244;6.0;Fiéis
11025;9.0;11.0;138.0;5;3;3;533;8.0;Fiéis
10203;77.0;5.0;42.0;2;1;1;211;3.0;Quase em risco
4607;24.0;17.0;777.0;4;4;5;445;8.5;Campeões
3696;67.0;7.0;52.0;2;2;2;222;4.0;Precisam de atenção
9214;48.0;13.0;358.0;3;4;4;344;7.0;Fiéis
35;35.0;10.0;210.0;4;3;3;433;7.0;Fiéis
2258;76.0;5.0;42.0;2;1;1;211;3.0;Quase em risco
4322;20.0;20.0;1291.0;4;5;5;455;9.0;Campeões
713;72.0;15.0;442.0;2;4;4;244;6.0;Fiéis
3281;69.0;19.0;411.0;2;5;4;254;6.5;Fiéis
702;80.0;19.0;521.0;1;5;4;154;5.5;Em Risco
2004;65.0;17.0;1168.0;2;4;5;245;6.5;Fiéis
4437;65.0;12.0;260.0;2;3;4;234;5.5;Fiéis
8724;57.0;7.0;46.0;3;2;2;322;5.0;Potencialmente fiéis
10741;70.0;16.0;319.0;2;4;4;244;6.0;Fiéis
1991;0.0;7.0;96.0;5;2;3;523;7.5;Potencialmente fiéis
11096;50.0;12.0;232.0;3;3;4;334;6.5;Fiéis
304;67.0;9.0;76.0;2;3;2;232;4.5;Precisam de atenção
3665;46.0;9.0;54.0;3;3;2;332;5.5;Potencialmente fiéis
10591;37.0;11.0;201.0;4;3;3;433;7.0;Fiéis
5036;38.0;14.0;406.0;4;4;4;444;8.0;Campeões
7822;56.0;20.0;662.0;3;5;5;355;8.0;Fiéis
8541;98.0;8.0;41.0;1;2;1;121;2.5;Hibernando
4368;72.0;8.0;134.0;2;2;3;223;4.5;Precisam de atenção
9671;47.0;10.0;69.0;3;3;2;332;5.5;Potencialmente fiéis
2256;33.0;6.0;21.0;4;1;1;411;5.0;Potencialmente fiéis
4279;87.0;7.0;54.0;1;2;2;122;3.0;Em Risco
5371;0.0;8.0;91.0;5;2;3;523;7.5;Potencialmente fiéis
9240;73.0;18.0;526.0;2;4;4;244;6.0;Fiéis
9460;74.0;8.0;162.0;2;2;3;223;4.5;Precisam de atenção
8692;50.0;16.0;240.0;3;4;4;344;7.0;Fiéis
448;57.0;21.0;795.0;3;5;5;355;8.0;Fiéis
8420;27.0;8.0;64.0;4;2;2;422;6.0;Potencialmente fiéis
7685;4.0;7.0;78.0;5;2;2;522;7.0;Potencialmente fiéis
10232;9.0;15.0;331.0;5;4;4;544;9.0;Campeões
4184;48.0;12.0;265.0;3;3;4;334;6.5;Fiéis
9120;80.0;19.0;1065.0;1;5;5;155;6.0;Em Risco
891;60.0;4.0;11.0;2;1;1;211;3.0;Quase em risco
10381;43.0;4.0;21.0;3;1;1;311;4.0;Potencialmente fiéis
3525;19.0;4.0;17.0;5;1;1;511;6.0;Potencialmente fiéis
6818;26.0;16.0;369.0;4;4;4;444;8.0;Campeões
3526;58.0;6.0;38.0;3;1;1;311;4.0;Potencialmente fiéis
8181;42.0;11.0;177.0;3;3;3;333;6.0;Fiéis
1029;27.0;12.0;279.0;4;3;4;434;7.5;Fiéis
7369;56.0;7.0;62.0;3;2;2;322;5.0;Potencialmente fiéis
8159;10.0;11.0;182.0;5;3;3;533;8.0;Fiéis
1160;48.0;10.0;49.0;3;3;2;332;5.5;Potencialmente fiéis
10242;39.0;8.0;75.0;4;2;2;422;6.0;Potencialmente fiéis
5253;85.0;16.0;227.0;1;4;3;143;4.5;Em Risco
5966;64.0;15.0;215.0;2;4;3;243;5.5;Fiéis
5081;54.0;5.0;47.0;3;1;2;312;4.5;Potencialmente fiéis
5123;57.0;7.0;143.0;3;2;3;323;5.5;Potencialmente fiéis
5756;64.0;7.0;55.0;2;2;2;222;4.0;Precisam de atenção
8036;10.0;11.0;63.0;5;3;2;532;7.5;Potencialmente fiéis
5057;74.0;20.0;611.0;2;5;5;255;7.0;Fiéis
254;4.0;18.0;473.0;5;4;4;544;9.0;Campeões
4179;94.0;6.0;55.0;1;1;2;112;2.5;Hibernando
3710;41.0;7.0;81.0;3;2;3;323;5.5;Potencialmente fiéis
6424;9.0;5.0;49.0;5;1;2;512;6.5;Potencialmente fiéis
3075;47.0;15.0;382.0;3;4;4;344;7.0;Fiéis
4992;12.0;9.0;69.0;5;3;2;532;7.5;Potencialmente fiéis
5252;80.0;6.0;67.0;1;1;2;112;2.5;Hibernando
7444;20.0;6.0;30.0;4;1;1;411;5.0;Potencialmente fiéis
6919;39.0;9.0;63.0;4;3;2;432;6.5;Potencialmente fiéis
3537;57.0;10.0;79.0;3;3;3;333;6.0;Fiéis
10277;27.0;5.0;42.0;4;1;1;411;5.0;Potencialmente fiéis
2453;83.0;23.0;819.0;1;5;5;155;6.0;Em Risco
7972;79.0;17.0;1151.0;2;4;5;245;6.5;Fiéis
895;69.0;20.0;594.0;2;5;5;255;7.0;Fiéis
1177;77.0;11.0;129.0;2;3;3;233;5.0;Fiéis
7141;15.0;12.0;213.0;5;3;3;533;8.0;Fiéis
7232;99.0;7.0;67.0;1;2;2;122;3.0;Em Risco
8477;61.0;5.0;28.0;2;1;1;211;3.0;Quase em risco
2457;23.0;6.0;45.0;4;1;2;412;5.5;Potencialmente fiéis
988;84.0;18.0;1193.0;1;4;5;145;5.5;Em Risco
7930;74.0;12.0;268.0;2;3;4;234;5.5;Fiéis
4587;90.0;12.0;266.0;1;3;4;134;4.5;Em Risco
6682;41.0;5.0;37.0;3;1;1;311;4.0;Potencialmente fiéis
6222;28.0;7.0;37.0;4;2;1;421;5.5;Potencialmente fiéis
3083;88.0;18.0;373.0;1;4;4;144;5.0;Em Risco
8953;94.0;6.0;35.0;1;1;1;111;2.0;Hibernando
8650;31.0;5.0;42.0;4;1;1;411;5.0;Potencialmente fiéis
10862;6.0;17.0;326.0;5;4;4;544;9.0;Campeões
2782;23.0;17.0;404.0;4;4;4;444;8.0;Campeões
6941;92.0;6.0;95.0;1;1;3;113;3.0;Perdidos
10972;52.0;14.0;939.0;3;4;5;345;7.5;Fiéis
10708;50.0;5.0;33.0;3;1;1;311;4.0;Potencialmente fiéis
6583;54.0;21.0;981.0;3;5;5;355;8.0;Fiéis
3641;93.0;7.0;36.0;1;2;1;121;2.5;Hibernando
3469;94.0;9.0;103.0;1;3;3;133;4.0;Em Risco
5063;76.0;12.0;191.0;2;3;3;233;5.0;Fiéis
9624;46.0;14.0;963.0;3;4;5;345;7.5;Fiéis
4376;27.0;7.0;93.0;4;2;3;423;6.5;Potencialmente fiéis
8461;3.0;4.0;16.0;5;1;1;511;6.0;Potencialmente fiéis
944;6.0;14.0;393.0;5;4;4;544;9.0;Campeões
1907;53.0;26.0;1477.0;3;5;5;355;8.0;Fiéis
701;58.0;18.0;1179.0;3;4;5;345;7.5;Fiéis
2942;20.0;15.0;486.0;4;4;4;444;8.0;Campeões
3376;9.0;11.0;235.0;5;3;4;534;8.5;Fiéis
4679;42.0;28.0;1092.0;3;5;5;355;8.0;Fiéis
10928;28.0;17.0;599.0;4;4;5;445;8.5;Campeões
6728;38.0;6.0;48.0;4;1;2;412;5.5;Potencialmente fiéis
6661;63.0;32.0;1174.0;2;5;5;255;7.0;Fiéis
4725;71.0;7.0;67.0;2;2;2;222;4.0;Precisam de atenção
3277;9.0;15.0;365.0;5;4;4;544;9.0;Campeões
2564;87.0;10.0;165.0;1;3;3;133;4.0;Em Risco
946;92.0;11.0;210.0;1;3;3;133;4.0;Em Risco
6940;86.0;12.0;223.0;1;3;3;133;4.0;Em Risco
55;83.0;22.0;597.0;1;5;5;155;6.0;Em Risco
7093;74.0;4.0;22.0;2;1;1;211;3.0;Quase em risco
1777;29.0;6.0;74.0;4;1;2;412;5.5;Potencialmente fiéis
8162;88.0;5.0;26.0;1;1;1;111;2.0;Hibernando
10826;77.0;5.0;60.0;2;1;2;212;3.5;Quase em risco
8754;25.0;4.0;20.0;4;1;1;411;5.0;Potencialmente fiéis
1987;34.0;7.0;59.0;4;2;2;422;6.0;Potencialmente fiéis
11007;43.0;5.0;34.0;3;1;1;311;4.0;Potencialmente fiéis
7426;76.0;12.0;198.0;2;3;3;233;5.0;Fiéis
9153;81.0;28.0;1048.0;1;5;5;155;6.0;Em Risco
10379;87.0;21.0;574.0;1;5;5;155;6.0;Em Risco
3197;38.0;20.0;670.0;4;5;5;455;9.0;Campeões
2920;63.0;16.0;990.0;2;4;5;245;6.5;Fiéis
6961;26.0;4.0;11.0;4;1;1;411;5.0;Potencialmente fiéis
9937;75.0;17.0;576.0;2;4;5;245;6.5;Fiéis
8779;13.0;12.0;172.0;5;3;3;533;8.0;Fiéis
10120;84.0;12.0;257.0;1;3;4;134;4.5;Em Risco
6327;87.0;17.0;1146.0;1;4;5;145;5.5;Em Risco
10142;99.0;20.0;689.0;1;5;5;155;6.0;Em Risco
10767;40.0;21.0;1346.0;3;5;5;355;8.0;Fiéis
7279;3.0;15.0;1044.0;5;4;5;545;9.5;Campeões
7230;98.0;22.0;493.0;1;5;4;154;5.5;Em Risco
143;73.0;13.0;957.0;2;4;5;245;6.5;Fiéis
450;90.0;12.0;270.0;1;3;4;134;4.5;Em Risco
9316;29.0;5.0;29.0;4;1;1;411;5.0;Potencialmente fiéis
6379;3.0;9.0;121.0;5;3;3;533;8.0;Fiéis
9239;94.0;8.0;126.0;1;2;3;123;3.5;Em Risco
8315;65.0;4.0;23.0;2;1;1;211;3.0;Quase em risco
2868;33.0;8.0;57.0;4;2;2;422;6.0;Potencialmente fiéis
10888;46.0;20.0;636.0;3;5;5;355;8.0;Fiéis
9977;99.0;20.0;734.0;1;5;5;155;6.0;Em Risco
968;24.0;12.0;187.0;4;3;3;433;7.0;Fiéis
6988;93.0;22.0;1443.0;1;5;5;155;6.0;Em Risco
4472;34.0;6.0;57.0;4;1;2;412;5.5;Potencialmente fiéis
6991;88.0;20.0;637.0;1;5;5;155;6.0;Em Risco
4301;10.0;5.0;59.0;5;1;2;512;6.5;Potencialmente fiéis
1940;26.0;4.0;18.0;4;1;1;411;5.0;Potencialmente fiéis
1272;49.0;26.0;903.0;3;5;5;355;8.0;Fiéis
1388;11.0;8.0;112.0;5;2;3;523;7.5;Potencialmente fiéis
1044;44.0;20.0;596.0;3;5;5;355;8.0;Fiéis
6969;75.0;13.0;233.0;2;4;4;244;6.0;Fiéis
1715;45.0;7.0;48.0;3;2;2;322;5.0;Potencialmente fiéis
1463;9.0;4.0;21.0;5;1;1;511;6.0;Potencialmente fiéis
5114;1.0;16.0;965.0;5;4;5;545;9.5;Campeões
4329;43.0;6.0;16.0;3;1;1;311;4.0;Potencialmente fiéis
4692;19.0;12.0;71.0;5;3;2;532;7.5;Potencialmente fiéis
7212;99.0;6.0;65.0;1;1;2;112;2.5;Hibernando
5329;24.0;4.0;11.0;4;1;1;411;5.0;Potencialmente fiéis
5956;74.0;16.0;284.0;2;4;4;244;6.0;Fiéis
6255;29.0;13.0;334.0;4;4;4;444;8.0;Campeões
6516;37.0;4.0;18.0;4;1;1;411;5.0;Potencialmente fiéis
7458;26.0;8.0;97.0;4;2;3;423;6.5;Potencialmente fiéis
5237;79.0;9.0;63.0;2;3;2;232;4.5;Precisam de atenção
7761;71.0;9.0;109.0;2;3;3;233;5.0;Fiéis
7235;37.0;9.0;38.0;4;3;1;431;6.0;Potencialmente fiéis
10548;30.0;24.0;960.0;4;5;5;455;9.0;Campeões
2281;34.0;4.0;28.0;4;1;1;411;5.0;Potencialmente fiéis
7938;92.0;17.0;449.0;1;4;4;144;5.0;Em Risco
7723;56.0;21.0;1440.0;3;5;5;355;8.0;Fiéis
4012;55.0;23.0;1226.0;3;5;5;355;8.0;Fiéis
10470;0.0;8.0;92.0;5;2;3;523;7.5;Potencialmente fiéis
6488;86.0;8.0;99.0;1;2;3;123;3.5;Em Risco
10270;8.0;8.0;66.0;5;2;2;522;7.0;Potencialmente fiéis
6887;33.0;19.0;564.0;4;5;4;454;8.5;Campeões
7573;12.0;6.0;86.0;5;1;3;513;7.0;Potencialmente fiéis
221;90.0;12.0;242.0;1;3;4;134;4.5;Em Risco
20;91.0;8.0;183.0;1;2;3;123;3.5;Em Risco
8786;52.0;18.0;450.0;3;4;4;344;7.0;Fiéis
10582;3.0;21.0;758.0;5;5;5;555;10.0;Campeões
2371;22.0;9.0;81.0;4;3;3;433;7.0;Fiéis
6825;86.0;4.0;16.0;1;1;1;111;2.0;Hibernando
1072;64.0;8.0;93.0;2;2;3;223;4.5;Precisam de atenção
2461;79.0;6.0;43.0;2;1;1;211;3.0;Quase em risco
10839;42.0;6.0;29.0;3;1;1;311;4.0;Potencialmente fiéis
49;39.0;5.0;25.0;4;1;1;411;5.0;Potencialmente fiéis
4290;8.0;4.0;24.0;5;1;1;511;6.0;Potencialmente fiéis
10219;40.0;5.0;38.0;3;1;1;311;4.0;Potencialmente fiéis
4211;5.0;7.0;57.0;5;2;2;522;7.0;Potencialmente fiéis
1135;96.0;12.0;47.0;1;3;2;132;3.5;Em Risco
10846;22.0;22.0;629.0;4;5;5;455;9.0;Campeões
347;30.0;17.0;377.0;4;4;4;444;8.0;Campeões
10446;58.0;17.0;729.0;3;4;5;345;7.5;Fiéis
3479;49.0;6.0;50.0;3;1;2;312;4.5;Potencialmente fiéis
11075;37.0;15.0;270.0;4;4;4;444;8.0;Campeões
4442;70.0;9.0;177.0;2;3;3;233;5.0;Fiéis
199;33.0;13.0;315.0;4;4;4;444;8.0;Campeões
8523;39.0;10.0;60.0;4;3;2;432;6.5;Potencialmente fiéis
310;81.0;21.0;573.0;1;5;5;155;6.0;Em Risco
8629;71.0;5.0;41.0;2;1;1;211;3.0;Quase em risco
236;62.0;10.0;170.0;2;3;3;233;5.0;Fiéis
4599;66.0;21.0;458.0;2;5;4;254;6.5;Fiéis
7326;83.0;6.0;63.0;1;1;2;112;2.5;Hibernando
7352;28.0;17.0;405.0;4;4;4;444;8.0;Campeões
2964;0.0;5.0;72.0;5;1;2;512;6.5;Potencialmente fiéis
5585;1.0;7.0;48.0;5;2;2;522;7.0;Potencialmente fiéis
3732;72.0;27.0;860.0;2;5;5;255;7.0;Fiéis
11176;12.0;18.0;495.0;5;4;4;544;9.0;Campeões
2986;89.0;4.0;20.0;1;1;1;111;2.0;Hibernando
3900;54.0;21.0;769.0;3;5;5;355;8.0;Fiéis
7034;34.0;7.0;55.0;4;2;2;422;6.0;Potencialmente fiéis
1143;43.0;7.0;55.0;3;2;2;322;5.0;Potencialmente fiéis
1;0.0;18.0;577.0;5;4;5;545;9.5;Campeões
3855;74.0;8.0;162.0;2;2;3;223;4.5;Precisam de atenção
6768;75.0;6.0;36.0;2;1;1;211;3.0;Quase em risco
6646;23.0;5.0;22.0;4;1;1;411;5.0;Potencialmente fiéis
4887;65.0;6.0;63.0;2;1;2;212;3.5;Quase em risco
8560;94.0;18.0;680.0;1;4;5;145;5.5;Em Risco
3321;42.0;20.0;542.0;3;5;4;354;7.5;Fiéis
11003;10.0;7.0;50.0;5;2;2;522;7.0;Potencialmente fiéis
10402;94.0;6.0;39.0;1;1;1;111;2.0;Hibernando
6141;46.0;14.0;385.0;3;4;4;344;7.0;Fiéis
10856;42.0;5.0;46.0;3;1;2;312;4.5;Potencialmente fiéis
4186;11.0;9.0;76.0;5;3;2;532;7.5;Potencialmente fiéis
368;61.0;14.0;290.0;2;4;4;244;6.0;Fiéis
3312;12.0;11.0;89.0;5;3;3;533;8.0;Fiéis
11121;76.0;11.0;70.0;2;3;2;232;4.5;Precisam de atenção
5332;2.0;17.0;1066.0;5;4;5;545;9.5;Campeões
5935;60.0;23.0;764.0;2;5;5;255;7.0;Fiéis
2895;79.0;11.0;195.0;2;3;3;233;5.0;Fiéis
10262;96.0;11.0;53.0;1;3;2;132;3.5;Em Risco
7848;17.0;13.0;368.0;5;4;4;544;9.0;Campeões
9477;0.0;20.0;544.0;5;5;4;554;9.5;Campeões
7186;43.0;6.0;35.0;3;1;1;311;4.0;Potencialmente fiéis
5794;1.0;18.0;446.0;5;4;4;544;9.0;Campeões
4877;2.0;5.0;41.0;5;1;1;511;6.0;Potencialmente fiéis
425;66.0;22.0;727.0;2;5;5;255;7.0;Fiéis
3007;49.0;6.0;40.0;3;1;1;311;4.0;Potencialmente fiéis
4297;71.0;7.0;40.0;2;2;1;221;3.5;Quase em risco
807;35.0;17.0;292.0;4;4;4;444;8.0;Campeões
9553;94.0;4.0;15.0;1;1;1;111;2.0;Hibernando
4271;80.0;17.0;341.0;1;4;4;144;5.0;Em Risco
4120;61.0;13.0;369.0;2;4;4;244;6.0;Fiéis
2036;29.0;17.0;401.0;4;4;4;444;8.0;Campeões
115;0.0;17.0;393.0;5;4;4;544;9.0;Campeões
4259;80.0;4.0;10.0;1;1;1;111;2.0;Hibernando
8687;54.0;16.0;486.0;3;4;4;344;7.0;Fiéis
2447;71.0;7.0;69.0;2;2;2;222;4.0;Precisam de atenção
9353;61.0;16.0;995.0;2;4;5;245;6.5;Fiéis
3623;55.0;10.0;45.0;3;3;2;332;5.5;Potencialmente fiéis
738;35.0;12.0;182.0;4;3;3;433;7.0;Fiéis
7631;34.0;23.0;989.0;4;5;5;455;9.0;Campeões
10602;30.0;9.0;156.0;4;3;3;433;7.0;Fiéis
3270;96.0;11.0;128.0;1;3;3;133;4.0;Em Risco
8443;16.0;9.0;86.0;5;3;3;533;8.0;Fiéis
9653;16.0;7.0;68.0;5;2;2;522;7.0;Potencialmente fiéis
8916;78.0;4.0;16.0;2;1;1;211;3.0;Quase em risco
8017;83.0;7.0;55.0;1;2;2;122;3.0;Em Risco
7023;87.0;15.0;263.0;1;4;4;144;5.0;Em Risco
8086;34.0;7.0;55.0;4;2;2;422;6.0;Potencialmente fiéis
2930;7.0;20.0;1281.0;5;5;5;555;10.0;Campeões
1928;73.0;7.0;83.0;2;2;3;223;4.5;Precisam de atenção
7108;54.0;18.0;353.0;3;4;4;344;7.0;Fiéis
9960;52.0;4.0;14.0;3;1;1;311;4.0;Potencialmente fiéis
7037;50.0;17.0;401.0;3;4;4;344;7.0;Fiéis
905;38.0;11.0;84.0;4;3;3;433;7.0;Fiéis
8624;61.0;18.0;928.0;2;4;5;245;6.5;Fiéis
8945;46.0;11.0;203.0;3;3;3;333;6.0;Fiéis
6445;73.0;16.0;858.0;2;4;5;245;6.5;Fiéis
2727;19.0;13.0;409.0;5;4;4;544;9.0;Campeões
6404;10.0;16.0;282.0;5;4;4;544;9.0;Campeões
1968;37.0;4.0;28.0;4;1;1;411;5.0;Potencialmente fiéis
6534;94.0;6.0;67.0;1;1;2;112;2.5;Hibernando
9485;23.0;10.0;199.0;4;3;3;433;7.0;Fiéis
1048;11.0;10.0;178.0;5;3;3;533;8.0;Fiéis
9308;51.0;14.0;976.0;3;4;5;345;7.5;Fiéis
10505;86.0;15.0;1001.0;1;4;5;145;5.5;Em Risco
2625;30.0;14.0;350.0;4;4;4;444;8.0;Campeões
9972;25.0;5.0;46.0;4;1;2;412;5.5;Potencialmente fiéis
4487;67.0;7.0;95.0;2;2;3;223;4.5;Precisam de atenção
4988;58.0;9.0;62.0;3;3;2;332;5.5;Potencialmente fiéis
5871;98.0;16.0;467.0;1;4;4;144;5.0;Em Risco
5303;42.0;20.0;1113.0;3;5;5;355;8.0;Fiéis
538;78.0;7.0;125.0;2;2;3;223;4.5;Precisam de atenção
5692;82.0;5.0;32.0;1;1;1;111;2.0;Hibernando
6383;78.0;8.0;46.0;2;2;2;222;4.0;Precisam de atenção
3673;59.0;26.0;779.0;2;5;5;255;7.0;Fiéis
760;8.0;23.0;811.0;5;5;5;555;10.0;Campeões
4128;51.0;20.0;725.0;3;5;5;355;8.0;Fiéis
6810;76.0;12.0;1187.0;2;3;5;235;6.0;Fiéis
8700;86.0;9.0;66.0;1;3;2;132;3.5;Em Risco
1328;56.0;20.0;683.0;3;5;5;355;8.0;Fiéis
8405;83.0;13.0;305.0;1;4;4;144;5.0;Em Risco
6515;92.0;6.0;50.0;1;1;2;112;2.5;Hibernando
2882;31.0;16.0;995.0;4;4;5;445;8.5;Campeões
7574;80.0;6.0;41.0;1;1;1;111;2.0;Hibernando
6387;39.0;9.0;77.0;4;3;2;432;6.5;Potencialmente fiéis
5320;20.0;12.0;171.0;4;3;3;433;7.0;Fiéis
5048;53.0;7.0;131.0;3;2;3;323;5.5;Potencialmente fiéis
8146;84.0;5.0;54.0;1;1;2;112;2.5;Hibernando
10031;50.0;12.0;53.0;3;3;2;332;5.5;Potencialmente fiéis
2134;94.0;22.0;694.0;1;5;5;155;6.0;Em Risco
1523;25.0;8.0;96.0;4;2;3;423;6.5;Potencialmente fiéis
9665;48.0;16.0;361.0;3;4;4;344;7.0;Fiéis
3635;69.0;20.0;578.0;2;5;5;255;7.0;Fiéis
3547;12.0;7.0;64.0;5;2;2;522;7.0;Potencialmente fiéis
2456;84.0;13.0;149.0;1;4;3;143;4.5;Em Risco
7011;47.0;10.0;93.0;3;3;3;333;6.0;Fiéis
2620;48.0;4.0;23.0;3;1;1;311;4.0;Potencialmente fiéis
1734;37.0;11.0;81.0;4;3;3;433;7.0;Fiéis
10995;8.0;10.0;92.0;5;3;3;533;8.0;Fiéis
6357;29.0;18.0;491.0;4;4;4;444;8.0;Campeões
3308;54.0;9.0;94.0;3;3;3;333;6.0;Fiéis
2166;55.0;4.0;23.0;3;1;1;311;4.0;Potencialmente fiéis
6634;78.0;6.0;54.0;2;1;2;212;3.5;Quase em risco
6872;43.0;16.0;405.0;3;4;4;344;7.0;Fiéis
453;1.0;7.0;45.0;5;2;2;522;7.0;Potencialmente fiéis
9850;32.0;4.0;19.0;4;1;1;411;5.0;Potencialmente fiéis
7646;70.0;24.0;805.0;2;5;5;255;7.0;Fiéis
1640;49.0;8.0;108.0;3;2;3;323;5.5;Potencialmente fiéis
5184;65.0;4.0;23.0;2;1;1;211;3.0;Quase em risco
8492;25.0;23.0;1493.0;4;5;5;455;9.0;Campeões
11188;84.0;9.0;89.0;1;3;3;133;4.0;Em Risco
1212;7.0;25.0;936.0;5;5;5;555;10.0;Campeões
9097;34.0;16.0;343.0;4;4;4;444;8.0;Campeões
10473;38.0;20.0;528.0;4;5;4;454;8.5;Campeões
5527;25.0;7.0;58.0;4;2;2;422;6.0;Potencialmente fiéis
6374;50.0;16.0;297.0;3;4;4;344;7.0;Fiéis
7453;46.0;21.0;488.0;3;5;4;354;7.5;Fiéis
8952;96.0;23.0;859.0;1;5;5;155;6.0;Em Risco
8975;47.0;10.0;69.0;3;3;2;332;5.5;Potencialmente fiéis
6119;52.0;4.0;17.0;3;1;1;311;4.0;Potencialmente fiéis
5723;63.0;8.0;116.0;2;2;3;223;4.5;Precisam de atenção
1970;14.0;7.0;103.0;5;2;3;523;7.5;Potencialmente fiéis
5313;20.0;9.0;44.0;4;3;2;432;6.5;Potencialmente fiéis
10634;56.0;15.0;406.0;3;4;4;344;7.0;Fiéis
8562;72.0;11.0;236.0;2;3;4;234;5.5;Fiéis
3158;1.0;5.0;39.0;5;1;1;511;6.0;Potencialmente fiéis
4436;27.0;8.0;137.0;4;2;3;423;6.5;Potencialmente fiéis
5287;77.0;10.0;79.0;2;3;3;233;5.0;Fiéis
2445;87.0;6.0;63.0;1;1;2;112;2.5;Hibernando
4550;51.0;6.0;71.0;3;1;2;312;4.5;Potencialmente fiéis
4240;79.0;7.0;58.0;2;2;2;222;4.0;Precisam de atenção
8911;11.0;21.0;702.0;5;5;5;555;10.0;Campeões
3706;54.0;7.0;94.0;3;2;3;323;5.5;Potencialmente fiéis
3628;93.0;7.0;80.0;1;2;3;123;3.5;Em Risco
10175;0.0;5.0;22.0;5;1;1;511;6.0;Potencialmente fiéis
9888;3.0;16.0;1091.0;5;4;5;545;9.5;Campeões
5263;99.0;5.0;55.0;1;1;2;112;2.5;Hibernando
9503;65.0;13.0;313.0;2;4;4;244;6.0;Fiéis
10613;44.0;11.0;62.0;3;3;2;332;5.5;Potencialmente fiéis
67;6.0;9.0;92.0;5;3;3;533;8.0;Fiéis
6019;9.0;6.0;72.0;5;1;2;512;6.5;Potencialmente fiéis
5863;95.0;21.0;655.0;1;5;5;155;6.0;Em Risco
6730;92.0;8.0;54.0;1;2;2;122;3.0;Em Risco
6287;2.0;5.0;36.0;5;1;1;511;6.0;Potencialmente fiéis
5985;0.0;10.0;122.0;5;3;3;533;8.0;Fiéis
4754;91.0;7.0;122.0;1;2;3;123;3.5;Em Risco
966;98.0;25.0;691.0;1;5;5;155;6.0;Em Risco
9725;16.0;4.0;12.0;5;1;1;511;6.0;Potencialmente fiéis
5740;1.0;7.0;56.0;5;2;2;522;7.0;Potencialmente fiéis
5731;64.0;5.0;37.0;2;1;1;211;3.0;Quase em risco
7290;68.0;21.0;968.0;2;5;5;255;7.0;Fiéis
3846;98.0;15.0;270.0;1;4;4;144;5.0;Em Risco
8104;32.0;12.0;278.0;4;3;4;434;7.5;Fiéis
4507;87.0;22.0;1250.0;1;5;5;155;6.0;Em Risco
1162;23.0;20.0;653.0;4;5;5;455;9.0;Campeões
2055;37.0;6.0;49.0;4;1;2;412;5.5;Potencialmente fiéis
10766;22.0;17.0;506.0;4;4;4;444;8.0;Campeões
4415;19.0;8.0;38.0;5;2;1;521;6.5;Potencialmente fiéis
4817;91.0;4.0;18.0;1;1;1;111;2.0;Hibernando
10536;78.0;8.0;46.0;2;2;2;222;4.0;Precisam de atenção
3807;83.0;23.0;766.0;1;5;5;155;6.0;Em Risco
9197;92.0;7.0;47.0;1;2;2;122;3.0;Em Risco
10832;4.0;14.0;467.0;5;4;4;544;9.0;Campeões
577;10.0;6.0;22.0;5;1;1;511;6.0;Potencialmente fiéis
10855;9.0;15.0;396.0;5;4;4;544;9.0;Campeões
3081;65.0;4.0;20.0;2;1;1;211;3.0;Quase em risco
247;16.0;19.0;357.0;5;5;4;554;9.5;Campeões
8707;12.0;16.0;1401.0;5;4;5;545;9.5;Campeões
9523;95.0;4.0;15.0;1;1;1;111;2.0;Hibernando
10914;3.0;6.0;17.0;5;1;1;511;6.0;Potencialmente fiéis
5577;77.0;4.0;23.0;2;1;1;211;3.0;Quase em risco
1833;91.0;9.0;133.0;1;3;3;133;4.0;Em Risco
4944;24.0;17.0;777.0;4;4;5;445;8.5;Campeões
9080;2.0;9.0;73.0;5;3;2;532;7.5;Potencialmente fiéis
6466;22.0;10.0;121.0;4;3;3;433;7.0;Fiéis
9964;56.0;15.0;424.0;3;4;4;344;7.0;Fiéis
4790;54.0;13.0;868.0;3;4;5;345;7.5;Fiéis
10245;71.0;15.0;756.0;2;4;5;245;6.5;Fiéis
1109;38.0;4.0;12.0;4;1;1;411;5.0;Potencialmente fiéis
6001;62.0;25.0;937.0;2;5;5;255;7.0;Fiéis
10552;18.0;14.0;367.0;5;4;4;544;9.0;Campeões
1545;95.0;20.0;443.0;1;5;4;154;5.5;Em Risco
7409;66.0;13.0;267.0;2;4;4;244;6.0;Fiéis
4444;28.0;6.0;61.0;4;1;2;412;5.5;Potencialmente fiéis
146;78.0;21.0;1323.0;2;5;5;255;7.0;Fiéis
6271;13.0;6.0;63.0;5;1;2;512;6.5;Potencialmente fiéis
10065;27.0;8.0;64.0;4;2;2;422;6.0;Potencialmente fiéis
4741;17.0;19.0;562.0;5;5;4;554;9.5;Campeões
375;79.0;16.0;1156.0;2;4;5;245;6.5;Fiéis
10022;78.0;4.0;16.0;2;1;1;211;3.0;Quase em risco
11010;75.0;9.0;44.0;2;3;2;232;4.5;Precisam de atenção
3885;10.0;5.0;63.0;5;1;2;512;6.5;Potencialmente fiéis
880;47.0;6.0;96.0;3;1;3;313;5.0;Potencialmente fiéis
850;4.0;22.0;757.0;5;5;5;555;10.0;Campeões
4713;15.0;9.0;125.0;5;3;3;533;8.0;Fiéis
675;67.0;16.0;332.0;2;4;4;244;6.0;Fiéis
5025;32.0;8.0;135.0;4;2;3;423;6.5;Potencialmente fiéis
2308;40.0;14.0;330.0;3;4;4;344;7.0;Fiéis
6749;78.0;18.0;1722.0;2;4;5;245;6.5;Fiéis
1010;94.0;7.0;78.0;1;2;2;122;3.0;Em Risco
8977;51.0;4.0;24.0;3;1;1;311;4.0;Potencialmente fiéis
3412;67.0;17.0;957.0;2;4;5;245;6.5;Fiéis
606;87.0;4.0;15.0;1;1;1;111;2.0;Hibernando
5961;29.0;5.0;57.0;4;1;2;412;5.5;Potencialmente fiéis
7613;97.0;14.0;326.0;1;4;4;144;5.0;Em Risco
10542;63.0;9.0;77.0;2;3;2;232;4.5;Precisam de atenção
8015;88.0;20.0;1313.0;1;5;5;155;6.0;Em Risco
10617;34.0;8.0;30.0;4;2;1;421;5.5;Potencialmente fiéis
11166;81.0;14.0;315.0;1;4;4;144;5.0;Em Risco
849;65.0;22.0;660.0;2;5;5;255;7.0;Fiéis
523;51.0;7.0;74.0;3;2;2;322;5.0;Potencialmente fiéis
4066;76.0;7.0;46.0;2;2;2;222;4.0;Precisam de atenção
8414;76.0;8.0;86.0;2;2;3;223;4.5;Precisam de atenção
4961;56.0;11.0;61.0;3;3;2;332;5.5;Potencialmente fiéis
749;31.0;9.0;145.0;4;3;3;433;7.0;Fiéis
7755;91.0;16.0;411.0;1;4;4;144;5.0;Em Risco
10525;40.0;4.0;27.0;3;1;1;311;4.0;Potencialmente fiéis
10710;61.0;4.0;18.0;2;1;1;211;3.0;Quase em risco
2613;16.0;12.0;237.0;5;3;4;534;8.5;Fiéis
213;98.0;10.0;48.0;1;3;2;132;3.5;Em Risco
7959;19.0;11.0;1370.0;5;3;5;535;9.0;Fiéis
640;61.0;25.0;1026.0;2;5;5;255;7.0;Fiéis
4252;73.0;12.0;301.0;2;3;4;234;5.5;Fiéis
6218;74.0;17.0;499.0;2;4;4;244;6.0;Fiéis
6905;55.0;21.0;1004.0;3;5;5;355;8.0;Fiéis
5922;48.0;12.0;218.0;3;3;3;333;6.0;Fiéis
3598;53.0;22.0;606.0;3;5;5;355;8.0;Fiéis
6116;13.0;6.0;75.0;5;1;2;512;6.5;Potencialmente fiéis
6263;34.0;9.0;106.0;4;3;3;433;7.0;Fiéis
193;81.0;4.0;16.0;1;1;1;111;2.0;Hibernando
3363;99.0;5.0;34.0;1;1;1;111;2.0;Hibernando
8278;3.0;16.0;1711.0;5;4;5;545;9.5;Campeões
10660;61.0;17.0;438.0;2;4;4;244;6.0;Fiéis
8686;65.0;7.0;75.0;2;2;2;222;4.0;Precisam de atenção
1604;93.0;13.0;225.0;1;4;3;143;4.5;Em Risco
5907;24.0;4.0;18.0;4;1;1;411;5.0;Potencialmente fiéis
10669;8.0;17.0;470.0;5;4;4;544;9.0;Campeões
2918;72.0;9.0;91.0;2;3;3;233;5.0;Fiéis
359;33.0;19.0;504.0;4;5;4;454;8.5;Campeões
8387;68.0;11.0;235.0;2;3;4;234;5.5;Fiéis
3839;76.0;12.0;88.0;2;3;3;233;5.0;Fiéis
9392;17.0;4.0;17.0;5;1;1;511;6.0;Potencialmente fiéis
2292;94.0;5.0;24.0;1;1;1;111;2.0;Hibernando
10466;86.0;7.0;60.0;1;2;2;122;3.0;Em Risco
4088;22.0;10.0;155.0;4;3;3;433;7.0;Fiéis
5231;15.0;5.0;51.0;5;1;2;512;6.5;Potencialmente fiéis
2315;55.0;6.0;96.0;3;1;3;313;5.0;Potencialmente fiéis
3515;94.0;9.0;160.0;1;3;3;133;4.0;Em Risco
2245;50.0;10.0;139.0;3;3;3;333;6.0;Fiéis
6283;64.0;22.0;908.0;2;5;5;255;7.0;Fiéis
2246;91.0;8.0;183.0;1;2;3;123;3.5;Em Risco
6606;11.0;19.0;1161.0;5;5;5;555;10.0;Campeões
5545;72.0;14.0;988.0;2;4;5;245;6.5;Fiéis
837;0.0;12.0;174.0;5;3;3;533;8.0;Fiéis
9500;66.0;22.0;758.0;2;5;5;255;7.0;Fiéis
3602;42.0;11.0;195.0;3;3;3;333;6.0;Fiéis
234;60.0;6.0;31.0;2;1;1;211;3.0;Quase em risco
3068;1.0;6.0;43.0;5;1;1;511;6.0;Potencialmente fiéis
8955;54.0;5.0;49.0;3;1;2;312;4.5;Potencialmente fiéis
945;53.0;9.0;133.0;3;3;3;333;6.0;Fiéis
5644;96.0;15.0;363.0;1;4;4;144;5.0;Em Risco
7192;58.0;18.0;545.0;3;4;4;344;7.0;Fiéis
3439;64.0;15.0;296.0;2;4;4;244;6.0;Fiéis
1506;26.0;11.0;140.0;4;3;3;433;7.0;Fiéis
232;8.0;17.0;530.0;5;4;4;544;9.0;Campeões
8876;49.0;13.0;152.0;3;4;3;343;6.5;Fiéis
9739;55.0;8.0;114.0;3;2;3;323;5.5;Potencialmente fiéis
10395;25.0;10.0;101.0;4;3;3;433;7.0;Fiéis
1176;50.0;4.0;25.0;3;1;1;311;4.0;Potencialmente fiéis
938;30.0;7.0;87.0;4;2;3;423;6.5;Potencialmente fiéis
2740;81.0;11.0;90.0;1;3;3;133;4.0;Em Risco
257;74.0;20.0;1215.0;2;5;5;255;7.0;Fiéis
7736;36.0;7.0;61.0;4;2;2;422;6.0;Potencialmente fiéis
8210;64.0;18.0;405.0;2;4;4;244;6.0;Fiéis
833;62.0;9.0;72.0;2;3;2;232;4.5;Precisam de atenção
6230;53.0;14.0;189.0;3;4;3;343;6.5;Fiéis
7325;86.0;5.0;40.0;1;1;1;111;2.0;Hibernando
1307;15.0;10.0;63.0;5;3;2;532;7.5;Potencialmente fiéis
1502;67.0;7.0;52.0;2;2;2;222;4.0;Precisam de atenção
6211;47.0;5.0;39.0;3;1;1;311;4.0;Potencialmente fiéis
4174;81.0;8.0;130.0;1;2;3;123;3.5;Em Risco
6918;56.0;5.0;34.0;3;1;1;311;4.0;Potencialmente fiéis
286;48.0;12.0;152.0;3;3;3;333;6.0;Fiéis
11086;18.0;5.0;21.0;5;1;1;511;6.0;Potencialmente fiéis
1921;74.0;7.0;71.0;2;2;2;222;4.0;Precisam de atenção
7718;36.0;10.0;711.0;4;3;5;435;8.0;Fiéis
1291;90.0;16.0;351.0;1;4;4;144;5.0;Em Risco
4136;63.0;11.0;119.0;2;3;3;233;5.0;Fiéis
803;82.0;4.0;21.0;1;1;1;111;2.0;Hibernando
4298;63.0;4.0;10.0;2;1;1;211;3.0;Quase em risco
9606;64.0;13.0;1536.0;2;4;5;245;6.5;Fiéis
6653;72.0;18.0;418.0;2;4;4;244;6.0;Fiéis
5493;21.0;4.0;23.0;4;1;1;411;5.0;Potencialmente fiéis
5107;37.0;6.0;49.0;4;1;2;412;5.5;Potencialmente fiéis
8147;40.0;8.0;48.0;3;2;2;322;5.0;Potencialmente fiéis
1857;2.0;7.0;83.0;5;2;3;523;7.5;Potencialmente fiéis
11114;94.0;9.0;84.0;1;3;3;133;4.0;Em Risco
5429;10.0;10.0;183.0;5;3;3;533;8.0;Fiéis
9400;73.0;19.0;1383.0;2;5;5;255;7.0;Fiéis
1740;22.0;16.0;999.0;4;4;5;445;8.5;Campeões
195;21.0;14.0;246.0;4;4;4;444;8.0;Campeões
7527;97.0;9.0;76.0;1;3;2;132;3.5;Em Risco
2296;4.0;4.0;30.0;5;1;1;511;6.0;Potencialmente fiéis
10637;77.0;8.0;99.0;2;2;3;223;4.5;Precisam de atenção
907;36.0;18.0;362.0;4;4;4;444;8.0;Campeões
9516;90.0;28.0;1229.0;1;5;5;155;6.0;Em Risco
679;49.0;6.0;38.0;3;1;1;311;4.0;Potencialmente fiéis
7384;18.0;17.0;485.0;5;4;4;544;9.0;Campeões
5043;89.0;13.0;434.0;1;4;4;144;5.0;Em Risco
5267;43.0;5.0;44.0;3;1;2;312;4.5;Potencialmente fiéis
339;82.0;18.0;496.0;1;4;4;144;5.0;Em Risco
2516;84.0;7.0;78.0;1;2;2;122;3.0;Em Risco
4808;12.0;4.0;17.0;5;1;1;511;6.0;Potencialmente fiéis
5068;75.0;5.0;26.0;2;1;1;211;3.0;Quase em risco
7628;10.0;8.0;76.0;5;2;2;522;7.0;Potencialmente fiéis
7128;91.0;4.0;15.0;1;1;1;111;2.0;Hibernando
2811;21.0;7.0;62.0;4;2;2;422;6.0;Potencialmente fiéis
3551;28.0;10.0;198.0;4;3;3;433;7.0;Fiéis
1663;97.0;5.0;49.0;1;1;2;112;2.5;Hibernando
5543;49.0;25.0;802.0;3;5;5;355;8.0;Fiéis
10641;5.0;10.0;57.0;5;3;2;532;7.5;Potencialmente fiéis
1878;83.0;6.0;37.0;1;1;1;111;2.0;Hibernando
3099;48.0;16.0;310.0;3;4;4;344;7.0;Fiéis
3972;70.0;19.0;401.0;2;5;4;254;6.5;Fiéis
4603;50.0;21.0;656.0;3;5;5;355;8.0;Fiéis
10260;74.0;15.0;311.0;2;4;4;244;6.0;Fiéis
8789;77.0;14.0;274.0;2;4;4;244;6.0;Fiéis
6197;39.0;9.0;57.0;4;3;2;432;6.5;Potencialmente fiéis
4554;89.0;17.0;448.0;1;4;4;144;5.0;Em Risco
4937;62.0;5.0;44.0;2;1;2;212;3.5;Quase em risco
1920;59.0;8.0;102.0;2;2;3;223;4.5;Precisam de atenção
8749;68.0;5.0;61.0;2;1;2;212;3.5;Quase em risco
10377;37.0;15.0;397.0;4;4;4;444;8.0;Campeões
9206;36.0;26.0;1121.0;4;5;5;455;9.0;Campeões
6398;2.0;8.0;50.0;5;2;2;522;7.0;Potencialmente fiéis
7937;86.0;7.0;58.0;1;2;2;122;3.0;Em Risco
839;54.0;9.0;170.0;3;3;3;333;6.0;Fiéis
158;3.0;17.0;1196.0;5;4;5;545;9.5;Campeões
4832;84.0;8.0;101.0;1;2;3;123;3.5;Em Risco
5621;8.0;17.0;316.0;5;4;4;544;9.0;Campeões
11039;51.0;13.0;311.0;3;4;4;344;7.0;Fiéis
9635;13.0;8.0;129.0;5;2;3;523;7.5;Potencialmente fiéis
2173;23.0;5.0;32.0;4;1;1;411;5.0;Potencialmente fiéis
942;36.0;14.0;299.0;4;4;4;444;8.0;Campeões
9386;88.0;13.0;320.0;1;4;4;144;5.0;Em Risco
5510;2.0;16.0;441.0;5;4;4;544;9.0;Campeões
2253;15.0;6.0;85.0;5;1;3;513;7.0;Potencialmente fiéis
5181;58.0;4.0;24.0;3;1;1;311;4.0;Potencialmente fiéis
979;11.0;8.0;112.0;5;2;3;523;7.5;Potencialmente fiéis
10390;27.0;5.0;30.0;4;1;1;411;5.0;Potencialmente fiéis
4698;32.0;16.0;410.0;4;4;4;444;8.0;Campeões
1745;88.0;20.0;1313.0;1;5;5;155;6.0;Em Risco
10590;91.0;23.0;1483.0;1;5;5;155;6.0;Em Risco
8369;21.0;4.0;28.0;4;1;1;411;5.0;Potencialmente fiéis
5232;23.0;11.0;227.0;4;3;3;433;7.0;Fiéis
2407;10.0;20.0;1555.0;5;5;5;555;10.0;Campeões
7912;69.0;8.0;103.0;2;2;3;223;4.5;Precisam de atenção
7712;68.0;19.0;634.0;2;5;5;255;7.0;Fiéis
7275;34.0;10.0;131.0;4;3;3;433;7.0;Fiéis
1343;55.0;22.0;586.0;3;5;5;355;8.0;Fiéis
1384;10.0;7.0;62.0;5;2;2;522;7.0;Potencialmente fiéis
6181;36.0;27.0;939.0;4;5;5;455;9.0;Campeões
10507;14.0;15.0;797.0;5;4;5;545;9.5;Campeões
2698;52.0;17.0;415.0;3;4;4;344;7.0;Fiéis
3231;97.0;5.0;30.0;1;1;1;111;2.0;Hibernando
4096;24.0;12.0;187.0;4;3;3;433;7.0;Fiéis
10476;0.0;11.0;251.0;5;3;4;534;8.5;Fiéis
5948;96.0;12.0;237.0;1;3;4;134;4.5;Em Risco
9140;89.0;8.0;91.0;1;2;3;123;3.5;Em Risco
10258;94.0;6.0;35.0;1;1;1;111;2.0;Hibernando
5675;98.0;22.0;493.0;1;5;4;154;5.5;Em Risco
4743;72.0;28.0;971.0;2;5;5;255;7.0;Fiéis
8805;1.0;17.0;371.0;5;4;4;544;9.0;Campeões
1542;26.0;20.0;396.0;4;5;4;454;8.5;Campeões
6770;5.0;7.0;68.0;5;2;2;522;7.0;Potencialmente fiéis
8773;22.0;15.0;322.0;4;4;4;444;8.0;Campeões
10420;56.0;10.0;222.0;3;3;3;333;6.0;Fiéis
7514;74.0;12.0;177.0;2;3;3;233;5.0;Fiéis
793;24.0;6.0;45.0;4;1;2;412;5.5;Potencialmente fiéis
8702;10.0;6.0;22.0;5;1;1;511;6.0;Potencialmente fiéis
4791;35.0;5.0;41.0;4;1;1;411;5.0;Potencialmente fiéis
2963;56.0;21.0;1440.0;3;5;5;355;8.0;Fiéis
8216;7.0;17.0;325.0;5;4;4;544;9.0;Campeões
8140;51.0;10.0;95.0;3;3;3;333;6.0;Fiéis
10146;17.0;5.0;42.0;5;1;1;511;6.0;Potencialmente fiéis
5289;30.0;6.0;72.0;4;1;2;412;5.5;Potencialmente fiéis
2587;21.0;7.0;20.0;4;2;1;421;5.5;Potencialmente fiéis
4405;2.0;23.0;789.0;5;5;5;555;10.0;Campeões
8663;85.0;4.0;15.0;1;1;1;111;2.0;Hibernando
2589;65.0;8.0;59.0;2;2;2;222;4.0;Precisam de atenção
3421;64.0;22.0;908.0;2;5;5;255;7.0;Fiéis
10490;11.0;14.0;417.0;5;4;4;544;9.0;Campeões
4094;92.0;15.0;289.0;1;4;4;144;5.0;Em Risco
9958;54.0;21.0;769.0;3;5;5;355;8.0;Fiéis
2534;4.0;10.0;188.0;5;3;3;533;8.0;Fiéis
4188;53.0;14.0;354.0;3;4;4;344;7.0;Fiéis
6613;39.0;26.0;727.0;4;5;5;455;9.0;Campeões
10827;49.0;11.0;146.0;3;3;3;333;6.0;Fiéis
5491;70.0;16.0;319.0;2;4;4;244;6.0;Fiéis
8402;40.0;22.0;794.0;3;5;5;355;8.0;Fiéis
8783;40.0;18.0;454.0;3;4;4;344;7.0;Fiéis
10010;43.0;11.0;152.0;3;3;3;333;6.0;Fiéis
618;17.0;22.0;797.0;5;5;5;555;10.0;Campeões
361;84.0;4.0;20.0;1;1;1;111;2.0;Hibernando
2678;62.0;11.0;209.0;2;3;3;233;5.0;Fiéis
6376;83.0;19.0;545.0;1;5;4;154;5.5;Em Risco
524;47.0;6.0;96.0;3;1;3;313;5.0;Potencialmente fiéis
10341;45.0;10.0;222.0;3;3;3;333;6.0;Fiéis
5654;34.0;7.0;61.0;4;2;2;422;6.0;Potencialmente fiéis
4098;3.0;9.0;44.0;5;3;2;532;7.5;Potencialmente fiéis
5824;1.0;4.0;8.0;5;1;1;511;6.0;Potencialmente fiéis
2561;45.0;23.0;1371.0;3;5;5;355;8.0;Fiéis
5229;81.0;5.0;42.0;1;1;1;111;2.0;Hibernando
4086;77.0;5.0;60.0;2;1;2;212;3.5;Quase em risco
2428;23.0;9.0;78.0;4;3;2;432;6.5;Potencialmente fiéis
8254;48.0;4.0;23.0;3;1;1;311;4.0;Potencialmente fiéis
2836;61.0;4.0;19.0;2;1;1;211;3.0;Quase em risco
8418;60.0;7.0;61.0;2;2;2;222;4.0;Precisam de atenção
7152;64.0;5.0;37.0;2;1;1;211;3.0;Quase em risco
10033;54.0;5.0;38.0;3;1;1;311;4.0;Potencialmente fiéis
274;75.0;7.0;34.0;2;2;1;221;3.5;Quase em risco
3388;16.0;17.0;294.0;5;4;4;544;9.0;Campeões
922;79.0;6.0;48.0;2;1;2;212;3.5;Quase em risco
8588;92.0;15.0;289.0;1;4;4;144;5.0;Em Risco
2518;16.0;4.0;30.0;5;1;1;511;6.0;Potencialmente fiéis
574;96.0;7.0;125.0;1;2;3;123;3.5;Em Risco
3220;30.0;9.0;156.0;4;3;3;433;7.0;Fiéis
5967;60.0;9.0;70.0;2;3;2;232;4.5;Precisam de atenção
1183;11.0;4.0;22.0;5;1;1;511;6.0;Potencialmente fiéis
6856;75.0;9.0;65.0;2;3;2;232;4.5;Precisam de atenção
4682;88.0;13.0;310.0;1;4;4;144;5.0;Em Risco
1232;54.0;17.0;1244.0;3;4;5;345;7.5;Fiéis
1927;41.0;17.0;690.0;3;4;5;345;7.5;Fiéis
5788;46.0;12.0;209.0;3;3;3;333;6.0;Fiéis
5975;82.0;6.0;57.0;1;1;2;112;2.5;Hibernando
6875;38.0;17.0;529.0;4;4;4;444;8.0;Campeões
4399;3.0;16.0;1091.0;5;4;5;545;9.5;Campeões
4042;87.0;11.0;180.0;1;3;3;133;4.0;Em Risco
2157;49.0;10.0;77.0;3;3;2;332;5.5;Potencialmente fiéis
2525;65.0;18.0;534.0;2;4;4;244;6.0;Fiéis
8233;9.0;21.0;556.0;5;5;4;554;9.5;Campeões
2945;25.0;5.0;46.0;4;1;2;412;5.5;Potencialmente fiéis
10403;43.0;9.0;44.0;3;3;2;332;5.5;Potencialmente fiéis
5074;10.0;5.0;47.0;5;1;2;512;6.5;Potencialmente fiéis
4690;45.0;21.0;586.0;3;5;5;355;8.0;Fiéis
7196;20.0;4.0;13.0;4;1;1;411;5.0;Potencialmente fiéis
4406;29.0;25.0;1471.0;4;5;5;455;9.0;Campeões
9672;82.0;8.0;65.0;1;2;2;122;3.0;Em Risco
4864;68.0;12.0;175.0;2;3;3;233;5.0;Fiéis
4706;65.0;5.0;40.0;2;1;1;211;3.0;Quase em risco
3697;20.0;9.0;134.0;4;3;3;433;7.0;Fiéis
4220;26.0;7.0;87.0;4;2;3;423;6.5;Potencialmente fiéis
5286;68.0;10.0;217.0;2;3;3;233;5.0;Fiéis
7787;83.0;23.0;819.0;1;5;5;155;6.0;Em Risco
3102;32.0;5.0;32.0;4;1;1;411;5.0;Potencialmente fiéis
5868;49.0;6.0;46.0;3;1;2;312;4.5;Potencialmente fiéis
5763;63.0;18.0;380.0;2;4;4;244;6.0;Fiéis
7494;11.0;15.0;269.0;5;4;4;544;9.0;Campeões
2005;86.0;8.0;75.0;1;2;2;122;3.0;Em Risco
6885;36.0;6.0;55.0;4;1;2;412;5.5;Potencialmente fiéis
2072;34.0;21.0;1064.0;4;5;5;455;9.0;Campeões
9463;16.0;25.0;1443.0;5;5;5;555;10.0;Campeões
5751;54.0;5.0;38.0;3;1;1;311;4.0;Potencialmente fiéis
3340;56.0;20.0;436.0;3;5;4;354;7.5;Fiéis
3643;65.0;14.0;928.0;2;4;5;245;6.5;Fiéis
10128;21.0;27.0;907.0;4;5;5;455;9.0;Campeões
9;86.0;11.0;120.0;1;3;3;133;4.0;Em Risco
3865;14.0;7.0;73.0;5;2;2;522;7.0;Potencialmente fiéis
2853;74.0;12.0;275.0;2;3;4;234;5.5;Fiéis
6310;4.0;7.0;78.0;5;2;2;522;7.0;Potencialmente fiéis
10380;50.0;7.0;106.0;3;2;3;323;5.5;Potencialmente fiéis
3887;2.0;7.0;106.0;5;2;3;523;7.5;Potencialmente fiéis
1998;82.0;7.0;84.0;1;2;3;123;3.5;Em Risco
10795;14.0;7.0;48.0;5;2;2;522;7.0;Potencialmente fiéis
7998;77.0;9.0;112.0;2;3;3;233;5.0;Fiéis
3536;65.0;7.0;55.0;2;2;2;222;4.0;Precisam de atenção
125;65.0;17.0;271.0;2;4;4;244;6.0;Fiéis
2804;86.0;11.0;120.0;1;3;3;133;4.0;Em Risco
3745;92.0;8.0;103.0;1;2;3;123;3.5;Em Risco
9771;97.0;17.0;269.0;1;4;4;144;5.0;Em Risco
451;91.0;5.0;22.0;1;1;1;111;2.0;Hibernando
10530;0.0;16.0;1156.0;5;4;5;545;9.5;Campeões
6678;5.0;9.0;72.0;5;3;2;532;7.5;Potencialmente fiéis
3852;48.0;27.0;964.0;3;5;5;355;8.0;Fiéis
73;81.0;4.0;18.0;1;1;1;111;2.0;Hibernando
5589;95.0;24.0;793.0;1;5;5;155;6.0;Em Risco
10212;43.0;7.0;100.0;3;2;3;323;5.5;Potencialmente fiéis
6365;5.0;6.0;80.0;5;1;3;513;7.0;Potencialmente fiéis
5636;50.0;8.0;167.0;3;2;3;323;5.5;Potencialmente fiéis
591;76.0;20.0;677.0;2;5;5;255;7.0;Fiéis
2217;46.0;4.0;23.0;3;1;1;311;4.0;Potencialmente fiéis
2544;68.0;7.0;92.0;2;2;3;223;4.5;Precisam de atenção
7725;33.0;16.0;641.0;4;4;5;445;8.5;Campeões
5462;63.0;32.0;1174.0;2;5;5;255;7.0;Fiéis
7791;89.0;6.0;25.0;1;1;1;111;2.0;Hibernando
4037;77.0;4.0;20.0;2;1;1;211;3.0;Quase em risco
6642;50.0;11.0;102.0;3;3;3;333;6.0;Fiéis
5424;30.0;9.0;156.0;4;3;3;433;7.0;Fiéis
879;66.0;21.0;458.0;2;5;4;254;6.5;Fiéis
9530;16.0;4.0;17.0;5;1;1;511;6.0;Potencialmente fiéis
10699;30.0;8.0;92.0;4;2;3;423;6.5;Potencialmente fiéis
1497;8.0;16.0;407.0;5;4;4;544;9.0;Campeões
7476;93.0;23.0;1269.0;1;5;5;155;6.0;Em Risco
4390;14.0;23.0;841.0;5;5;5;555;10.0;Campeões
9916;92.0;8.0;54.0;1;2;2;122;3.0;Em Risco
8135;41.0;5.0;52.0;3;1;2;312;4.5;Potencialmente fiéis
8685;56.0;20.0;436.0;3;5;4;354;7.5;Fiéis
4967;19.0;15.0;268.0;5;4;4;544;9.0;Campeões
2130;4.0;8.0;147.0;5;2;3;523;7.5;Potencialmente fiéis
8175;71.0;8.0;137.0;2;2;3;223;4.5;Precisam de atenção
6257;81.0;17.0;507.0;1;4;4;144;5.0;Em Risco
3790;31.0;4.0;15.0;4;1;1;411;5.0;Potencialmente fiéis
3503;78.0;15.0;974.0;2;4;5;245;6.5;Fiéis
5223;80.0;8.0;66.0;1;2;2;122;3.0;Em Risco
1626;37.0;6.0;49.0;4;1;2;412;5.5;Potencialmente fiéis
4764;52.0;12.0;169.0;3;3;3;333;6.0;Fiéis
2471;39.0;12.0;299.0;4;3;4;434;7.5;Fiéis
4971;22.0;10.0;155.0;4;3;3;433;7.0;Fiéis
10069;43.0;5.0;58.0;3;1;2;312;4.5;Potencialmente fiéis
2262;74.0;15.0;311.0;2;4;4;244;6.0;Fiéis
1131;54.0;7.0;95.0;3;2;3;323;5.5;Potencialmente fiéis
1041;3.0;19.0;424.0;5;5;4;554;9.5;Campeões
24;96.0;12.0;47.0;1;3;2;132;3.5;Em Risco
3409;68.0;15.0;339.0;2;4;4;244;6.0;Fiéis
7943;40.0;6.0;35.0;3;1;1;311;4.0;Potencialmente fiéis
5272;64.0;20.0;562.0;2;5;4;254;6.5;Fiéis
800;57.0;6.0;32.0;3;1;1;311;4.0;Potencialmente fiéis
11092;78.0;7.0;41.0;2;2;1;221;3.5;Quase em risco
5062;71.0;5.0;39.0;2;1;1;211;3.0;Quase em risco
4480;61.0;19.0;401.0;2;5;4;254;6.5;Fiéis
9971;22.0;17.0;506.0;4;4;4;444;8.0;Campeões
1773;38.0;6.0;57.0;4;1;2;412;5.5;Potencialmente fiéis
1764;92.0;15.0;270.0;1;4;4;144;5.0;Em Risco
6215;24.0;6.0;31.0;4;1;1;411;5.0;Potencialmente fiéis
5423;35.0;4.0;16.0;4;1;1;411;5.0;Potencialmente fiéis
940;9.0;14.0;311.0;5;4;4;544;9.0;Campeões
3011;23.0;11.0;227.0;4;3;3;433;7.0;Fiéis
8286;55.0;8.0;122.0;3;2;3;323;5.5;Potencialmente fiéis
9668;14.0;9.0;77.0;5;3;2;532;7.5;Potencialmente fiéis
7019;49.0;13.0;211.0;3;4;3;343;6.5;Fiéis
7408;8.0;12.0;233.0;5;3;4;534;8.5;Fiéis
9986;8.0;10.0;54.0;5;3;2;532;7.5;Potencialmente fiéis
3276;53.0;7.0;78.0;3;2;2;322;5.0;Potencialmente fiéis
3570;64.0;13.0;244.0;2;4;4;244;6.0;Fiéis
3783;43.0;9.0;116.0;3;3;3;333;6.0;Fiéis
10207;40.0;4.0;15.0;3;1;1;311;4.0;Potencialmente fiéis
10906;52.0;16.0;425.0;3;4;4;344;7.0;Fiéis
5209;21.0;19.0;638.0;4;5;5;455;9.0;Campeões
10711;23.0;22.0;894.0;4;5;5;455;9.0;Campeões
10785;17.0;7.0;41.0;5;2;1;521;6.5;Potencialmente fiéis
2814;6.0;5.0;31.0;5;1;1;511;6.0;Potencialmente fiéis
6866;56.0;5.0;34.0;3;1;1;311;4.0;Potencialmente fiéis
3829;94.0;5.0;29.0;1;1;1;111;2.0;Hibernando
10141;1.0;4.0;20.0;5;1;1;511;6.0;Potencialmente fiéis
5177;56.0;16.0;396.0;3;4;4;344;7.0;Fiéis
7005;71.0;21.0;813.0;2;5;5;255;7.0;Fiéis
7485;48.0;10.0;138.0;3;3;3;333;6.0;Fiéis
8079;86.0;9.0;55.0;1;3;2;132;3.5;Em Risco
10352;2.0;9.0;117.0;5;3;3;533;8.0;Fiéis
13;57.0;6.0;32.0;3;1;1;311;4.0;Potencialmente fiéis
1834;77.0;6.0;67.0;2;1;2;212;3.5;Quase em risco
2285;0.0;15.0;335.0;5;4;4;544;9.0;Campeões
1378;24.0;23.0;694.0;4;5;5;455;9.0;Campeões
1404;89.0;13.0;231.0;1;4;4;144;5.0;Em Risco
6457;77.0;24.0;902.0;2;5;5;255;7.0;Fiéis
2639;45.0;9.0;68.0;3;3;2;332;5.5;Potencialmente fiéis
8299;46.0;6.0;71.0;3;1;2;312;4.5;Potencialmente fiéis
6437;80.0;6.0;76.0;1;1;2;112;2.5;Hibernando
6912;60.0;22.0;772.0;2;5;5;255;7.0;Fiéis
7327;71.0;9.0;47.0;2;3;2;232;4.5;Precisam de atenção
8143;49.0;13.0;265.0;3;4;4;344;7.0;Fiéis
3433;54.0;21.0;981.0;3;5;5;355;8.0;Fiéis
4712;18.0;7.0;82.0;5;2;3;523;7.5;Potencialmente fiéis
1170;45.0;14.0;244.0;3;4;4;344;7.0;Fiéis
6347;26.0;5.0;36.0;4;1;1;411;5.0;Potencialmente fiéis
4065;0.0;16.0;404.0;5;4;4;544;9.0;Campeões
8230;28.0;6.0;71.0;4;1;2;412;5.5;Potencialmente fiéis
5939;84.0;11.0;122.0;1;3;3;133;4.0;Em Risco
2156;38.0;10.0;41.0;4;3;1;431;6.0;Potencialmente fiéis
7788;53.0;4.0;10.0;3;1;1;311;4.0;Potencialmente fiéis
10323;88.0;13.0;304.0;1;4;4;144;5.0;Em Risco
7947;99.0;5.0;37.0;1;1;1;111;2.0;Hibernando
9256;5.0;27.0;1001.0;5;5;5;555;10.0;Campeões
295;77.0;22.0;1157.0;2;5;5;255;7.0;Fiéis
7397;45.0;21.0;688.0;3;5;5;355;8.0;Fiéis
6349;71.0;19.0;1319.0;2;5;5;255;7.0;Fiéis
10790;40.0;4.0;21.0;3;1;1;311;4.0;Potencialmente fiéis
10398;82.0;4.0;31.0;1;1;1;111;2.0;Hibernando
2431;70.0;6.0;67.0;2;1;2;212;3.5;Quase em risco
1890;95.0;4.0;25.0;1;1;1;111;2.0;Hibernando
10742;72.0;11.0;746.0;2;3;5;235;6.0;Fiéis
10356;5.0;5.0;32.0;5;1;1;511;6.0;Potencialmente fiéis
3565;62.0;9.0;72.0;2;3;2;232;4.5;Precisam de atenção
5294;49.0;10.0;57.0;3;3;2;332;5.5;Potencialmente fiéis
1958;85.0;25.0;660.0;1;5;5;155;6.0;Em Risco
7349;7.0;11.0;103.0;5;3;3;533;8.0;Fiéis
8799;6.0;11.0;153.0;5;3;3;533;8.0;Fiéis
1045;55.0;13.0;279.0;3;4;4;344;7.0;Fiéis
8070;98.0;12.0;264.0;1;3;4;134;4.5;Em Risco
7832;30.0;23.0;1526.0;4;5;5;455;9.0;Campeões
2202;98.0;6.0;69.0;1;1;2;112;2.5;Hibernando
4055;41.0;8.0;64.0;3;2;2;322;5.0;Potencialmente fiéis
10091;78.0;17.0;1067.0;2;4;5;245;6.5;Fiéis
7629;46.0;7.0;31.0;3;2;1;321;4.5;Potencialmente fiéis
10640;71.0;14.0;211.0;2;4;3;243;5.5;Fiéis
3498;6.0;25.0;877.0;5;5;5;555;10.0;Campeões
6742;82.0;4.0;11.0;1;1;1;111;2.0;Hibernando
1381;20.0;17.0;324.0;4;4;4;444;8.0;Campeões
2634;10.0;9.0;69.0;5;3;2;532;7.5;Potencialmente fiéis
10905;7.0;16.0;252.0;5;4;4;544;9.0;Campeões
1744;67.0;5.0;54.0;2;1;2;212;3.5;Quase em risco
1000;48.0;27.0;964.0;3;5;5;355;8.0;Fiéis
8605;36.0;7.0;68.0;4;2;2;422;6.0;Potencialmente fiéis
10304;77.0;5.0;60.0;2;1;2;212;3.5;Quase em risco
4351;90.0;5.0;55.0;1;1;2;112;2.5;Hibernando
7500;33.0;19.0;564.0;4;5;4;454;8.5;Campeões
10556;51.0;17.0;358.0;3;4;4;344;7.0;Fiéis
1064;18.0;5.0;42.0;5;1;1;511;6.0;Potencialmente fiéis
48;97.0;10.0;184.0;1;3;3;133;4.0;Em Risco
7610;32.0;19.0;460.0;4;5;4;454;8.5;Campeões
263;9.0;8.0;145.0;5;2;3;523;7.5;Potencialmente fiéis
10250;49.0;4.0;28.0;3;1;1;311;4.0;Potencialmente fiéis
3571;48.0;19.0;1101.0;3;5;5;355;8.0;Fiéis
7807;26.0;16.0;369.0;4;4;4;444;8.0;Campeões
3878;3.0;5.0;48.0;5;1;2;512;6.5;Potencialmente fiéis
5092;39.0;19.0;467.0;4;5;4;454;8.5;Campeões
2154;33.0;8.0;44.0;4;2;2;422;6.0;Potencialmente fiéis
5394;42.0;10.0;38.0;3;3;1;331;5.0;Potencialmente fiéis
3798;80.0;9.0;81.0;1;3;3;133;4.0;Em Risco
3524;9.0;10.0;167.0;5;3;3;533;8.0;Fiéis
5247;52.0;7.0;45.0;3;2;2;322;5.0;Potencialmente fiéis
2118;68.0;20.0;622.0;2;5;5;255;7.0;Fiéis
8812;45.0;7.0;48.0;3;2;2;322;5.0;Potencialmente fiéis
6616;47.0;16.0;461.0;3;4;4;344;7.0;Fiéis
2797;34.0;26.0;1073.0;4;5;5;455;9.0;Campeões
4328;81.0;8.0;55.0;1;2;2;122;3.0;Em Risco
9167;72.0;26.0;976.0;2;5;5;255;7.0;Fiéis
10560;23.0;5.0;20.0;4;1;1;411;5.0;Potencialmente fiéis
8312;80.0;6.0;43.0;1;1;1;111;2.0;Hibernando
5534;30.0;10.0;224.0;4;3;3;433;7.0;Fiéis
5093;15.0;9.0;101.0;5;3;3;533;8.0;Fiéis
7592;86.0;10.0;209.0;1;3;3;133;4.0;Em Risco
8895;68.0;21.0;968.0;2;5;5;255;7.0;Fiéis
2694;44.0;5.0;24.0;3;1;1;311;4.0;Potencialmente fiéis
8910;7.0;16.0;252.0;5;4;4;544;9.0;Campeões
7433;87.0;12.0;165.0;1;3;3;133;4.0;Em Risco
164;59.0;13.0;269.0;2;4;4;244;6.0;Fiéis
10477;16.0;7.0;102.0;5;2;3;523;7.5;Potencialmente fiéis
5150;64.0;7.0;47.0;2;2;2;222;4.0;Precisam de atenção
5283;72.0;10.0;144.0;2;3;3;233;5.0;Fiéis
7261;8.0;17.0;318.0;5;4;4;544;9.0;Campeões
9648;20.0;14.0;253.0;4;4;4;444;8.0;Campeões
2870;6.0;20.0;502.0;5;5;4;554;9.5;Campeões
8008;54.0;7.0;119.0;3;2;3;323;5.5;Potencialmente fiéis
1419;11.0;9.0;76.0;5;3;2;532;7.5;Potencialmente fiéis
9150;21.0;7.0;62.0;4;2;2;422;6.0;Potencialmente fiéis
1250;82.0;7.0;84.0;1;2;3;123;3.5;Em Risco
9905;69.0;14.0;255.0;2;4;4;244;6.0;Fiéis
10691;55.0;5.0;43.0;3;1;1;311;4.0;Potencialmente fiéis
7002;13.0;14.0;398.0;5;4;4;544;9.0;Campeões
2952;80.0;8.0;76.0;1;2;2;122;3.0;Em Risco
8439;97.0;15.0;902.0;1;4;5;145;5.5;Em Risco
6289;85.0;10.0;185.0;1;3;3;133;4.0;Em Risco
8397;82.0;6.0;34.0;1;1;1;111;2.0;Hibernando
9284;21.0;27.0;907.0;4;5;5;455;9.0;Campeões
3130;95.0;10.0;44.0;1;3;2;132;3.5;Em Risco
1990;74.0;17.0;1797.0;2;4;5;245;6.5;Fiéis
5513;49.0;6.0;40.0;3;1;1;311;4.0;Potencialmente fiéis
269;71.0;21.0;1143.0;2;5;5;255;7.0;Fiéis
8093;72.0;14.0;914.0;2;4;5;245;6.5;Fiéis
2549;80.0;5.0;27.0;1;1;1;111;2.0;Hibernando
5782;15.0;22.0;763.0;5;5;5;555;10.0;Campeões
10307;91.0;19.0;525.0;1;5;4;154;5.5;Em Risco
8566;10.0;4.0;9.0;5;1;1;511;6.0;Potencialmente fiéis
2415;99.0;16.0;953.0;1;4;5;145;5.5;Em Risco
5684;25.0;7.0;68.0;4;2;2;422;6.0;Potencialmente fiéis
8334;34.0;10.0;131.0;4;3;3;433;7.0;Fiéis
78;51.0;5.0;37.0;3;1;1;311;4.0;Potencialmente fiéis
5441;97.0;15.0;388.0;1;4;4;144;5.0;Em Risco
1087;30.0;10.0;173.0;4;3;3;433;7.0;Fiéis
6859;30.0;9.0;99.0;4;3;3;433;7.0;Fiéis
9860;11.0;12.0;215.0;5;3;3;533;8.0;Fiéis
5866;39.0;12.0;219.0;4;3;3;433;7.0;Fiéis
10521;0.0;12.0;174.0;5;3;3;533;8.0;Fiéis
7393;15.0;9.0;92.0;5;3;3;533;8.0;Fiéis
332;56.0;14.0;275.0;3;4;4;344;7.0;Fiéis
9576;60.0;11.0;159.0;2;3;3;233;5.0;Fiéis
7419;90.0;7.0;35.0;1;2;1;121;2.5;Hibernando
3170;86.0;15.0;1042.0;1;4;5;145;5.5;Em Risco
8527;37.0;19.0;395.0;4;5;4;454;8.5;Campeões
10595;19.0;6.0;69.0;5;1;2;512;6.5;Potencialmente fiéis
4609;14.0;18.0;486.0;5;4;4;544;9.0;Campeões
5010;72.0;6.0;34.0;2;1;1;211;3.0;Quase em risco
11148;85.0;4.0;13.0;1;1;1;111;2.0;Hibernando
10163;28.0;20.0;1323.0;4;5;5;455;9.0;Campeões
6710;84.0;7.0;103.0;1;2;3;123;3.5;Em Risco
5316;89.0;7.0;84.0;1;2;3;123;3.5;Em Risco
9029;73.0;23.0;1536.0;2;5;5;255;7.0;Fiéis
521;42.0;18.0;581.0;3;4;5;345;7.5;Fiéis
1459;16.0;14.0;928.0;5;4;5;545;9.5;Campeões
10241;16.0;4.0;14.0;5;1;1;511;6.0;Potencialmente fiéis
1630;56.0;15.0;424.0;3;4;4;344;7.0;Fiéis
3254;65.0;14.0;960.0;2;4;5;245;6.5;Fiéis
9064;10.0;20.0;1555.0;5;5;5;555;10.0;Campeões
4227;78.0;9.0;55.0;2;3;2;232;4.5;Precisam de atenção
9467;51.0;5.0;20.0;3;1;1;311;4.0;Potencialmente fiéis
8486;27.0;17.0;367.0;4;4;4;444;8.0;Campeões
3286;71.0;7.0;42.0;2;2;1;221;3.5;Quase em risco
3722;83.0;7.0;48.0;1;2;2;122;3.0;Em Risco
6715;3.0;25.0;685.0;5;5;5;555;10.0;Campeões
4796;71.0;5.0;39.0;2;1;1;211;3.0;Quase em risco
9612;3.0;5.0;43.0;5;1;1;511;6.0;Potencialmente fiéis
1570;8.0;26.0;1039.0;5;5;5;555;10.0;Campeões
8341;22.0;6.0;34.0;4;1;1;411;5.0;Potencialmente fiéis
5180;56.0;10.0;149.0;3;3;3;333;6.0;Fiéis
6461;74.0;23.0;946.0;2;5;5;255;7.0;Fiéis
7679;48.0;6.0;28.0;3;1;1;311;4.0;Potencialmente fiéis
10702;67.0;17.0;450.0;2;4;4;244;6.0;Fiéis
7505;24.0;5.0;46.0;4;1;2;412;5.5;Potencialmente fiéis
2961;86.0;15.0;382.0;1;4;4;144;5.0;Em Risco
5790;62.0;7.0;72.0;2;2;2;222;4.0;Precisam de atenção
3578;29.0;12.0;236.0;4;3;4;434;7.5;Fiéis
8462;52.0;5.0;80.0;3;1;3;313;5.0;Potencialmente fiéis
8780;71.0;18.0;507.0;2;4;4;244;6.0;Fiéis
10789;13.0;7.0;68.0;5;2;2;522;7.0;Potencialmente fiéis
10779;16.0;5.0;49.0;5;1;2;512;6.5;Potencialmente fiéis
5896;94.0;15.0;397.0;1;4;4;144;5.0;Em Risco
2337;77.0;9.0;39.0;2;3;1;231;4.0;Perdidos
10951;20.0;14.0;306.0;4;4;4;444;8.0;Campeões
544;51.0;14.0;976.0;3;4;5;345;7.5;Fiéis
10680;71.0;7.0;70.0;2;2;2;222;4.0;Precisam de atenção
3265;36.0;5.0;46.0;4;1;2;412;5.5;Potencialmente fiéis
5623;95.0;5.0;51.0;1;1;2;112;2.5;Hibernando
2326;15.0;6.0;85.0;5;1;3;513;7.0;Potencialmente fiéis
4385;82.0;8.0;47.0;1;2;2;122;3.0;Em Risco
2929;27.0;8.0;137.0;4;2;3;423;6.5;Potencialmente fiéis
10686;72.0;4.0;21.0;2;1;1;211;3.0;Quase em risco
2546;7.0;6.0;70.0;5;1;2;512;6.5;Potencialmente fiéis
3112;2.0;5.0;24.0;5;1;1;511;6.0;Potencialmente fiéis
1867;42.0;19.0;1336.0;3;5;5;355;8.0;Fiéis
1518;29.0;24.0;749.0;4;5;5;455;9.0;Campeões
5734;83.0;7.0;91.0;1;2;3;123;3.5;Em Risco
2878;93.0;15.0;414.0;1;4;4;144;5.0;Em Risco
1458;40.0;9.0;44.0;3;3;2;332;5.5;Potencialmente fiéis
7007;47.0;8.0;63.0;3;2;2;322;5.0;Potencialmente fiéis
1403;40.0;6.0;38.0;3;1;1;311;4.0;Potencialmente fiéis
4827;3.0;20.0;455.0;5;5;4;554;9.5;Campeões
9291;25.0;4.0;15.0;4;1;1;411;5.0;Potencialmente fiéis
2478;48.0;6.0;38.0;3;1;1;311;4.0;Potencialmente fiéis
5138;68.0;5.0;43.0;2;1;1;211;3.0;Quase em risco
5393;64.0;5.0;42.0;2;1;1;211;3.0;Quase em risco
5015;94.0;9.0;162.0;1;3;3;133;4.0;Em Risco
2495;24.0;22.0;816.0;4;5;5;455;9.0;Campeões
7842;54.0;9.0;74.0;3;3;2;332;5.5;Potencialmente fiéis
9955;20.0;9.0;134.0;4;3;3;433;7.0;Fiéis
6663;96.0;9.0;157.0;1;3;3;133;4.0;Em Risco
2162;19.0;18.0;561.0;5;4;4;544;9.0;Campeões
3434;60.0;19.0;1336.0;2;5;5;255;7.0;Fiéis
5626;13.0;16.0;463.0;5;4;4;544;9.0;Campeões
8514;59.0;5.0;20.0;2;1;1;211;3.0;Quase em risco
10448;55.0;18.0;377.0;3;4;4;344;7.0;Fiéis
7530;48.0;10.0;138.0;3;3;3;333;6.0;Fiéis
6355;19.0;9.0;45.0;5;3;2;532;7.5;Potencialmente fiéis
3517;32.0;10.0;161.0;4;3;3;433;7.0;Fiéis
1158;27.0;8.0;144.0;4;2;3;423;6.5;Potencialmente fiéis
7165;59.0;22.0;823.0;2;5;5;255;7.0;Fiéis
3595;29.0;28.0;1138.0;4;5;5;455;9.0;Campeões
4331;41.0;21.0;1371.0;3;5;5;355;8.0;Fiéis
6281;27.0;16.0;982.0;4;4;5;445;8.5;Campeões
4338;28.0;5.0;44.0;4;1;2;412;5.5;Potencialmente fiéis
2452;8.0;17.0;318.0;5;4;4;544;9.0;Campeões
9507;18.0;16.0;434.0;5;4;4;544;9.0;Campeões
8360;76.0;12.0;198.0;2;3;3;233;5.0;Fiéis
4867;2.0;11.0;88.0;5;3;3;533;8.0;Fiéis
9289;16.0;6.0;63.0;5;1;2;512;6.5;Potencialmente fiéis
10913;56.0;4.0;27.0;3;1;1;311;4.0;Potencialmente fiéis
3032;97.0;11.0;193.0;1;3;3;133;4.0;Em Risco
8524;15.0;9.0;101.0;5;3;3;533;8.0;Fiéis
4470;3.0;8.0;140.0;5;2;3;523;7.5;Potencialmente fiéis
8619;4.0;4.0;22.0;5;1;1;511;6.0;Potencialmente fiéis
10821;45.0;16.0;263.0;3;4;4;344;7.0;Fiéis
4552;37.0;12.0;393.0;4;3;4;434;7.5;Fiéis
898;39.0;10.0;147.0;4;3;3;433;7.0;Fiéis
9797;38.0;16.0;443.0;4;4;4;444;8.0;Campeões
8212;89.0;10.0;174.0;1;3;3;133;4.0;Em Risco
4547;86.0;6.0;25.0;1;1;1;111;2.0;Hibernando
6815;4.0;21.0;809.0;5;5;5;555;10.0;Campeões
10841;46.0;18.0;484.0;3;4;4;344;7.0;Fiéis
5370;38.0;18.0;413.0;4;4;4;444;8.0;Campeões
176;73.0;12.0;331.0;2;3;4;234;5.5;Fiéis
4860;66.0;5.0;25.0;2;1;1;211;3.0;Quase em risco
10757;36.0;4.0;13.0;4;1;1;411;5.0;Potencialmente fiéis
4023;29.0;10.0;115.0;4;3;3;433;7.0;Fiéis
6679;29.0;4.0;16.0;4;1;1;411;5.0;Potencialmente fiéis
9923;6.0;9.0;92.0;5;3;3;533;8.0;Fiéis
7181;97.0;7.0;52.0;1;2;2;122;3.0;Em Risco
405;68.0;17.0;441.0;2;4;4;244;6.0;Fiéis
6870;73.0;12.0;283.0;2;3;4;234;5.5;Fiéis
832;90.0;23.0;747.0;1;5;5;155;6.0;Em Risco
3657;1.0;11.0;165.0;5;3;3;533;8.0;Fiéis
4102;46.0;4.0;23.0;3;1;1;311;4.0;Potencialmente fiéis
7042;14.0;6.0;66.0;5;1;2;512;6.5;Potencialmente fiéis
10598;89.0;8.0;37.0;1;2;1;121;2.5;Hibernando
255;31.0;6.0;21.0;4;1;1;411;5.0;Potencialmente fiéis
2375;75.0;4.0;22.0;2;1;1;211;3.0;Quase em risco
9829;42.0;9.0;78.0;3;3;2;332;5.5;Potencialmente fiéis
6214;53.0;6.0;79.0;3;1;3;313;5.0;Potencialmente fiéis
4954;53.0;17.0;265.0;3;4;4;344;7.0;Fiéis
7861;23.0;19.0;1175.0;4;5;5;455;9.0;Campeões
9423;49.0;8.0;46.0;3;2;2;322;5.0;Potencialmente fiéis
4198;6.0;4.0;25.0;5;1;1;511;6.0;Potencialmente fiéis
153;29.0;5.0;46.0;4;1;2;412;5.5;Potencialmente fiéis
10001;98.0;10.0;100.0;1;3;3;133;4.0;Em Risco
3799;4.0;23.0;868.0;5;5;5;555;10.0;Campeões
8625;70.0;9.0;45.0;2;3;2;232;4.5;Precisam de atenção
983;82.0;12.0;414.0;1;3;4;134;4.5;Em Risco
9119;27.0;15.0;392.0;4;4;4;444;8.0;Campeões
5872;23.0;22.0;639.0;4;5;5;455;9.0;Campeões
6568;97.0;6.0;79.0;1;1;3;113;3.0;Perdidos
8416;19.0;7.0;44.0;5;2;2;522;7.0;Potencialmente fiéis
5454;80.0;6.0;50.0;1;1;2;112;2.5;Hibernando
5474;79.0;12.0;223.0;2;3;3;233;5.0;Fiéis
4268;50.0;9.0;158.0;3;3;3;333;6.0;Fiéis
10701;60.0;28.0;1211.0;2;5;5;255;7.0;Fiéis
2079;0.0;22.0;1208.0;5;5;5;555;10.0;Campeões
626;28.0;5.0;43.0;4;1;1;411;5.0;Potencialmente fiéis
4426;35.0;21.0;527.0;4;5;4;454;8.5;Campeões
2591;49.0;15.0;932.0;3;4;5;345;7.5;Fiéis
10509;46.0;8.0;71.0;3;2;2;322;5.0;Potencialmente fiéis
6382;97.0;5.0;54.0;1;1;2;112;2.5;Hibernando
6673;51.0;7.0;129.0;3;2;3;323;5.5;Potencialmente fiéis
8775;74.0;10.0;137.0;2;3;3;233;5.0;Fiéis
2345;54.0;17.0;1244.0;3;4;5;345;7.5;Fiéis
322;93.0;7.0;41.0;1;2;1;121;2.5;Hibernando
10897;63.0;32.0;1174.0;2;5;5;255;7.0;Fiéis
6103;40.0;7.0;100.0;3;2;3;323;5.5;Potencialmente fiéis
10500;96.0;9.0;98.0;1;3;3;133;4.0;Em Risco
1655;81.0;5.0;48.0;1;1;2;112;2.5;Hibernando
2406;63.0;19.0;519.0;2;5;4;254;6.5;Fiéis
5517;51.0;5.0;37.0;3;1;1;311;4.0;Potencialmente fiéis
10643;23.0;20.0;653.0;4;5;5;455;9.0;Campeões
10281;11.0;19.0;602.0;5;5;5;555;10.0;Campeões
6958;42.0;5.0;26.0;3;1;1;311;4.0;Potencialmente fiéis
954;77.0;7.0;102.0;2;2;3;223;4.5;Precisam de atenção
4643;40.0;9.0;176.0;3;3;3;333;6.0;Fiéis
6497;32.0;17.0;433.0;4;4;4;444;8.0;Campeões
2802;61.0;18.0;961.0;2;4;5;245;6.5;Fiéis
6507;16.0;8.0;56.0;5;2;2;522;7.0;Potencialmente fiéis
7901;39.0;4.0;22.0;4;1;1;411;5.0;Potencialmente fiéis
2686;49.0;4.0;26.0;3;1;1;311;4.0;Potencialmente fiéis
3107;31.0;13.0;350.0;4;4;4;444;8.0;Campeões
11031;90.0;5.0;40.0;1;1;1;111;2.0;Hibernando
975;25.0;15.0;264.0;4;4;4;444;8.0;Campeões
1055;40.0;5.0;45.0;3;1;2;312;4.5;Potencialmente fiéis
6544;63.0;27.0;976.0;2;5;5;255;7.0;Fiéis
1241;1.0;6.0;51.0;5;1;2;512;6.5;Potencialmente fiéis
2909;89.0;20.0;1264.0;1;5;5;155;6.0;Em Risco
5802;40.0;7.0;75.0;3;2;2;322;5.0;Potencialmente fiéis
1407;5.0;7.0;57.0;5;2;2;522;7.0;Potencialmente fiéis
6183;3.0;8.0;140.0;5;2;3;523;7.5;Potencialmente fiéis
340;1.0;19.0;497.0;5;5;4;554;9.5;Campeões
5991;24.0;13.0;266.0;4;4;4;444;8.0;Campeões
9729;48.0;23.0;615.0;3;5;5;355;8.0;Fiéis
11091;68.0;6.0;22.0;2;1;1;211;3.0;Quase em risco
3969;46.0;7.0;133.0;3;2;3;323;5.5;Potencialmente fiéis
1916;92.0;19.0;437.0;1;5;4;154;5.5;Em Risco
9907;80.0;26.0;1013.0;1;5;5;155;6.0;Em Risco
87;16.0;7.0;57.0;5;2;2;522;7.0;Potencialmente fiéis
8659;50.0;27.0;1038.0;3;5;5;355;8.0;Fiéis
6147;51.0;4.0;28.0;3;1;1;311;4.0;Potencialmente fiéis
8832;24.0;9.0;123.0;4;3;3;433;7.0;Fiéis
10067;79.0;4.0;13.0;2;1;1;211;3.0;Quase em risco
7532;26.0;10.0;132.0;4;3;3;433;7.0;Fiéis
2115;68.0;7.0;66.0;2;2;2;222;4.0;Precisam de atenção
2493;34.0;18.0;608.0;4;4;5;445;8.5;Campeões
1631;3.0;23.0;1282.0;5;5;5;555;10.0;Campeões
10104;65.0;4.0;8.0;2;1;1;211;3.0;Quase em risco
3006;83.0;5.0;43.0;1;1;1;111;2.0;Hibernando
642;69.0;8.0;103.0;2;2;3;223;4.5;Precisam de atenção
10127;21.0;15.0;395.0;4;4;4;444;8.0;Campeões
271;30.0;15.0;258.0;4;4;4;444;8.0;Campeões
4973;39.0;5.0;25.0;4;1;1;411;5.0;Potencialmente fiéis
2948;76.0;10.0;185.0;2;3;3;233;5.0;Fiéis
2715;11.0;11.0;180.0;5;3;3;533;8.0;Fiéis
10432;26.0;5.0;22.0;4;1;1;411;5.0;Potencialmente fiéis
9216;34.0;7.0;44.0;4;2;2;422;6.0;Potencialmente fiéis
7124;72.0;12.0;94.0;2;3;3;233;5.0;Fiéis
9727;13.0;7.0;81.0;5;2;3;523;7.5;Potencialmente fiéis
1818;23.0;5.0;38.0;4;1;1;411;5.0;Potencialmente fiéis
1100;33.0;11.0;61.0;4;3;2;432;6.5;Potencialmente fiéis
7873;30.0;16.0;300.0;4;4;4;444;8.0;Campeões
10609;15.0;8.0;88.0;5;2;3;523;7.5;Potencialmente fiéis
6950;25.0;7.0;54.0;4;2;2;422;6.0;Potencialmente fiéis
9481;80.0;11.0;68.0;1;3;2;132;3.5;Em Risco
7699;30.0;15.0;258.0;4;4;4;444;8.0;Campeões
2711;6.0;5.0;31.0;5;1;1;511;6.0;Potencialmente fiéis
8933;16.0;8.0;66.0;5;2;2;522;7.0;Potencialmente fiéis
8726;57.0;13.0;174.0;3;4;3;343;6.5;Fiéis
1515;9.0;5.0;28.0;5;1;1;511;6.0;Potencialmente fiéis
5186;59.0;22.0;731.0;2;5;5;255;7.0;Fiéis
10157;78.0;12.0;274.0;2;3;4;234;5.5;Fiéis
902;74.0;13.0;312.0;2;4;4;244;6.0;Fiéis
977;10.0;20.0;414.0;5;5;4;554;9.5;Campeões
7313;63.0;23.0;1565.0;2;5;5;255;7.0;Fiéis
7600;13.0;6.0;29.0;5;1;1;511;6.0;Potencialmente fiéis
9706;98.0;8.0;94.0;1;2;3;123;3.5;Em Risco
4548;66.0;5.0;54.0;2;1;2;212;3.5;Quase em risco
9362;14.0;18.0;568.0;5;4;5;545;9.5;Campeões
2829;25.0;22.0;731.0;4;5;5;455;9.0;Campeões
492;3.0;19.0;424.0;5;5;4;554;9.5;Campeões
4541;84.0;12.0;257.0;1;3;4;134;4.5;Em Risco
1321;49.0;9.0;56.0;3;3;2;332;5.5;Potencialmente fiéis
8858;69.0;21.0;542.0;2;5;4;254;6.5;Fiéis
3266;96.0;7.0;125.0;1;2;3;123;3.5;Em Risco
11187;23.0;9.0;69.0;4;3;2;432;6.5;Potencialmente fiéis
8207;18.0;5.0;40.0;5;1;1;511;6.0;Potencialmente fiéis
2666;21.0;23.0;907.0;4;5;5;455;9.0;Campeões
1646;36.0;7.0;46.0;4;2;2;422;6.0;Potencialmente fiéis
2656;63.0;5.0;59.0;2;1;2;212;3.5;Quase em risco
7990;2.0;4.0;17.0;5;1;1;511;6.0;Potencialmente fiéis
2980;52.0;10.0;35.0;3;3;1;331;5.0;Potencialmente fiéis
1839;25.0;8.0;141.0;4;2;3;423;6.5;Potencialmente fiéis
10722;63.0;17.0;546.0;2;4;4;244;6.0;Fiéis
9014;65.0;10.0;61.0;2;3;2;232;4.5;Precisam de atenção
7620;71.0;8.0;106.0;2;2;3;223;4.5;Precisam de atenção
10968;0.0;26.0;704.0;5;5;5;555;10.0;Campeões
11133;3.0;19.0;424.0;5;5;4;554;9.5;Campeões
1876;15.0;6.0;85.0;5;1;3;513;7.0;Potencialmente fiéis
5959;80.0;15.0;199.0;1;4;3;143;4.5;Em Risco
4333;76.0;10.0;54.0;2;3;2;232;4.5;Precisam de atenção
3850;52.0;5.0;43.0;3;1;1;311;4.0;Potencialmente fiéis
6168;28.0;6.0;53.0;4;1;2;412;5.5;Potencialmente fiéis
607;31.0;22.0;521.0;4;5;4;454;8.5;Campeões
6983;24.0;7.0;45.0;4;2;2;422;6.0;Potencialmente fiéis
692;88.0;4.0;16.0;1;1;1;111;2.0;Hibernando
736;67.0;7.0;52.0;2;2;2;222;4.0;Precisam de atenção
4838;40.0;4.0;15.0;3;1;1;311;4.0;Potencialmente fiéis
9246;73.0;17.0;415.0;2;4;4;244;6.0;Fiéis
6261;81.0;18.0;470.0;1;4;4;144;5.0;Em Risco
7366;12.0;21.0;1438.0;5;5;5;555;10.0;Campeões
10659;7.0;11.0;53.0;5;3;2;532;7.5;Potencialmente fiéis
1448;33.0;9.0;51.0;4;3;2;432;6.5;Potencialmente fiéis
4286;24.0;22.0;679.0;4;5;5;455;9.0;Campeões
4749;55.0;22.0;586.0;3;5;5;355;8.0;Fiéis
4201;39.0;19.0;468.0;4;5;4;454;8.5;Campeões
10084;9.0;7.0;50.0;5;2;2;522;7.0;Potencialmente fiéis
7004;82.0;9.0;84.0;1;3;3;133;4.0;Em Risco
9817;71.0;27.0;1049.0;2;5;5;255;7.0;Fiéis
8080;50.0;4.0;22.0;3;1;1;311;4.0;Potencialmente fiéis
8372;81.0;4.0;30.0;1;1;1;111;2.0;Hibernando
8235;8.0;23.0;843.0;5;5;5;555;10.0;Campeões
9405;40.0;11.0;172.0;3;3;3;333;6.0;Fiéis
